-- MySQL dump 10.13  Distrib 5.6.39, for Linux (x86_64)
--
-- Host: localhost    Database: ittg_sct
-- ------------------------------------------------------
-- Server version	5.6.39-cll-lve

/*!40101 SET @OLD_CHARACTER_SET_CLIENT=@@CHARACTER_SET_CLIENT */;
/*!40101 SET @OLD_CHARACTER_SET_RESULTS=@@CHARACTER_SET_RESULTS */;
/*!40101 SET @OLD_COLLATION_CONNECTION=@@COLLATION_CONNECTION */;
/*!40101 SET NAMES utf8 */;
/*!40103 SET @OLD_TIME_ZONE=@@TIME_ZONE */;
/*!40103 SET TIME_ZONE='+00:00' */;
/*!40014 SET @OLD_UNIQUE_CHECKS=@@UNIQUE_CHECKS, UNIQUE_CHECKS=0 */;
/*!40014 SET @OLD_FOREIGN_KEY_CHECKS=@@FOREIGN_KEY_CHECKS, FOREIGN_KEY_CHECKS=0 */;
/*!40101 SET @OLD_SQL_MODE=@@SQL_MODE, SQL_MODE='NO_AUTO_VALUE_ON_ZERO' */;
/*!40111 SET @OLD_SQL_NOTES=@@SQL_NOTES, SQL_NOTES=0 */;

--
-- Table structure for table `asignaciones`
--

DROP TABLE IF EXISTS `asignaciones`;
/*!40101 SET @saved_cs_client     = @@character_set_client */;
/*!40101 SET character_set_client = utf8 */;
CREATE TABLE `asignaciones` (
  `idasignar` int(10) unsigned NOT NULL AUTO_INCREMENT,
  `total` double(8,2) NOT NULL,
  `mes` varchar(200) COLLATE utf8mb4_unicode_ci NOT NULL,
  `idresidencia` int(10) unsigned NOT NULL,
  `created_at` timestamp NULL DEFAULT NULL,
  `updated_at` timestamp NULL DEFAULT NULL,
  PRIMARY KEY (`idasignar`),
  KEY `asignaciones_idresidencia_foreign` (`idresidencia`),
  CONSTRAINT `asignaciones_idresidencia_foreign` FOREIGN KEY (`idresidencia`) REFERENCES `residencias` (`idresidencia`)
) ENGINE=InnoDB AUTO_INCREMENT=11 DEFAULT CHARSET=utf8mb4 COLLATE=utf8mb4_unicode_ci;
/*!40101 SET character_set_client = @saved_cs_client */;

--
-- Dumping data for table `asignaciones`
--

LOCK TABLES `asignaciones` WRITE;
/*!40000 ALTER TABLE `asignaciones` DISABLE KEYS */;
INSERT INTO `asignaciones` VALUES (3,320.00,'2018-03',1,NULL,NULL),(4,300.00,'2018-04',2,NULL,NULL),(7,9000.00,'2018-04',3,NULL,NULL),(8,3000.00,'2018-04',4,NULL,NULL),(9,1000.00,'2018-03',3,NULL,NULL),(10,3133.95,'2018-03',4,NULL,NULL);
/*!40000 ALTER TABLE `asignaciones` ENABLE KEYS */;
UNLOCK TABLES;

--
-- Table structure for table `desgloceAsignaciones`
--

DROP TABLE IF EXISTS `desgloceAsignaciones`;
/*!40101 SET @saved_cs_client     = @@character_set_client */;
/*!40101 SET character_set_client = utf8 */;
CREATE TABLE `desgloceAsignaciones` (
  `iddesglocea` int(10) unsigned NOT NULL AUTO_INCREMENT,
  `idasignar` int(10) unsigned NOT NULL,
  `monto_partida` double(8,2) NOT NULL,
  `created_at` timestamp NULL DEFAULT NULL,
  `updated_at` timestamp NULL DEFAULT NULL,
  `idpartida` int(10) unsigned NOT NULL,
  PRIMARY KEY (`iddesglocea`),
  KEY `desgloceasignaciones_idasignar_foreign` (`idasignar`),
  KEY `desgloceasignaciones_idpartida_foreign` (`idpartida`),
  CONSTRAINT `desgloceasignaciones_idasignar_foreign` FOREIGN KEY (`idasignar`) REFERENCES `asignaciones` (`idasignar`),
  CONSTRAINT `desgloceasignaciones_idpartida_foreign` FOREIGN KEY (`idpartida`) REFERENCES `partidas` (`idpartida`)
) ENGINE=InnoDB AUTO_INCREMENT=19 DEFAULT CHARSET=utf8mb4 COLLATE=utf8mb4_unicode_ci;
/*!40101 SET character_set_client = @saved_cs_client */;

--
-- Dumping data for table `desgloceAsignaciones`
--

LOCK TABLES `desgloceAsignaciones` WRITE;
/*!40000 ALTER TABLE `desgloceAsignaciones` DISABLE KEYS */;
INSERT INTO `desgloceAsignaciones` VALUES (5,3,130.32,NULL,'2018-03-08 21:10:57',21401),(6,3,2.13,NULL,'2018-03-08 21:10:57',21601),(7,4,69.61,NULL,'2018-03-09 15:51:52',21601),(11,7,1899.00,NULL,'2018-03-09 01:29:12',21101),(12,7,1654.00,NULL,'2018-03-09 01:29:11',21401),(13,7,1000.00,NULL,NULL,21601),(14,7,1569.00,NULL,'2018-03-09 01:30:56',22104),(15,8,1000.00,NULL,NULL,1),(16,8,2000.00,NULL,NULL,21101),(17,9,1000.00,NULL,NULL,21101),(18,10,3133.95,NULL,NULL,21601);
/*!40000 ALTER TABLE `desgloceAsignaciones` ENABLE KEYS */;
UNLOCK TABLES;

--
-- Table structure for table `desglocePedidos`
--

DROP TABLE IF EXISTS `desglocePedidos`;
/*!40101 SET @saved_cs_client     = @@character_set_client */;
/*!40101 SET character_set_client = utf8 */;
CREATE TABLE `desglocePedidos` (
  `iddesgloce` int(10) unsigned NOT NULL AUTO_INCREMENT,
  `idpedido` int(10) unsigned NOT NULL,
  `idproducto` int(10) unsigned NOT NULL,
  `cantidad_pedida` int(11) NOT NULL,
  `cantidad_autorizada` int(11) DEFAULT NULL,
  `fecha_autorizo` date DEFAULT NULL,
  `fecha_entrega` date DEFAULT NULL,
  `created_at` timestamp NULL DEFAULT NULL,
  `updated_at` timestamp NULL DEFAULT NULL,
  PRIMARY KEY (`iddesgloce`),
  KEY `desglocepedidos_idpedido_foreign` (`idpedido`),
  KEY `desglocepedidos_idproducto_foreign` (`idproducto`),
  CONSTRAINT `desglocepedidos_idpedido_foreign` FOREIGN KEY (`idpedido`) REFERENCES `pedidos` (`idpedido`),
  CONSTRAINT `desglocepedidos_idproducto_foreign` FOREIGN KEY (`idproducto`) REFERENCES `productos` (`idproducto`)
) ENGINE=InnoDB AUTO_INCREMENT=102 DEFAULT CHARSET=utf8mb4 COLLATE=utf8mb4_unicode_ci;
/*!40101 SET character_set_client = @saved_cs_client */;

--
-- Dumping data for table `desglocePedidos`
--

LOCK TABLES `desglocePedidos` WRITE;
/*!40000 ALTER TABLE `desglocePedidos` DISABLE KEYS */;
INSERT INTO `desglocePedidos` VALUES (1,4,32,12,NULL,NULL,NULL,NULL,NULL),(2,1,330,2,NULL,NULL,NULL,NULL,NULL),(3,6,7,1,NULL,NULL,NULL,NULL,NULL),(4,7,18,2,NULL,NULL,NULL,NULL,NULL),(5,8,6,1,NULL,NULL,NULL,NULL,NULL),(6,9,5,2,NULL,NULL,NULL,NULL,NULL),(7,10,477,1,NULL,NULL,NULL,NULL,NULL),(8,10,474,1,NULL,NULL,NULL,NULL,NULL),(9,11,477,2,NULL,NULL,NULL,NULL,NULL),(10,12,408,1,NULL,NULL,NULL,NULL,NULL),(11,13,6,2,NULL,NULL,NULL,NULL,NULL),(12,14,18,3,NULL,NULL,NULL,NULL,NULL),(13,15,554,2,NULL,NULL,NULL,NULL,NULL),(14,16,274,3,NULL,NULL,NULL,NULL,NULL),(15,17,4,2,NULL,NULL,NULL,NULL,NULL),(16,18,474,2,NULL,NULL,NULL,NULL,NULL),(17,19,19,1,NULL,NULL,NULL,NULL,NULL),(18,20,19,2,NULL,NULL,NULL,NULL,NULL),(19,21,51,1,NULL,NULL,NULL,NULL,NULL),(20,21,64,1,NULL,NULL,NULL,NULL,NULL),(21,22,19,1,NULL,NULL,NULL,NULL,NULL),(22,24,534,1,NULL,NULL,NULL,NULL,NULL),(23,25,285,3,NULL,NULL,NULL,NULL,NULL),(24,25,275,2,NULL,NULL,NULL,NULL,NULL),(25,26,277,3,NULL,NULL,NULL,NULL,NULL),(26,27,7,2,NULL,NULL,NULL,NULL,NULL),(27,28,18,1,NULL,NULL,NULL,NULL,NULL),(28,29,19,3,NULL,NULL,NULL,NULL,NULL),(29,30,527,2,NULL,NULL,NULL,NULL,NULL),(30,31,2,2,NULL,NULL,NULL,NULL,NULL),(31,32,2,2,NULL,NULL,NULL,NULL,NULL),(32,33,18,2,NULL,NULL,NULL,NULL,NULL),(33,34,277,3,NULL,NULL,NULL,NULL,NULL),(34,34,279,3,NULL,NULL,NULL,NULL,NULL),(35,35,61,4,NULL,NULL,NULL,NULL,NULL),(36,35,66,12,NULL,NULL,NULL,NULL,NULL),(37,36,783,2,NULL,NULL,NULL,NULL,NULL),(38,36,274,2,NULL,NULL,NULL,NULL,NULL),(39,36,275,2,NULL,NULL,NULL,NULL,NULL),(40,37,19,3,NULL,NULL,NULL,NULL,NULL),(41,38,275,2,NULL,NULL,NULL,NULL,NULL),(42,39,18,1,NULL,NULL,NULL,NULL,NULL),(43,39,19,1,NULL,NULL,NULL,NULL,NULL),(44,40,4,1,NULL,NULL,NULL,NULL,NULL),(45,41,530,1,NULL,NULL,NULL,NULL,NULL),(46,41,275,1,NULL,NULL,NULL,NULL,NULL),(47,42,19,1,NULL,NULL,NULL,NULL,NULL),(48,43,18,2,NULL,NULL,NULL,NULL,NULL),(49,44,19,2,NULL,NULL,NULL,NULL,NULL),(50,45,18,1,NULL,NULL,NULL,NULL,NULL),(51,46,6,1,NULL,NULL,NULL,NULL,NULL),(52,47,19,3,NULL,NULL,NULL,NULL,NULL),(53,48,5,3,NULL,NULL,NULL,NULL,NULL),(54,49,477,3,NULL,NULL,NULL,NULL,NULL),(55,50,477,3,NULL,NULL,NULL,NULL,NULL),(56,51,57,1,NULL,NULL,NULL,NULL,NULL),(57,52,474,1,NULL,NULL,NULL,NULL,NULL),(58,53,7,3,NULL,NULL,NULL,NULL,NULL),(59,54,7,2,NULL,NULL,NULL,NULL,NULL),(60,55,5,2,NULL,NULL,NULL,NULL,NULL),(61,56,18,2,NULL,NULL,NULL,NULL,NULL),(62,56,19,2,NULL,NULL,NULL,NULL,NULL),(63,57,19,1,NULL,NULL,NULL,NULL,NULL),(64,58,19,1,NULL,NULL,NULL,NULL,NULL),(65,59,18,1,NULL,NULL,NULL,NULL,NULL),(66,59,19,1,NULL,NULL,NULL,NULL,NULL),(67,60,18,1,NULL,NULL,NULL,NULL,NULL),(68,60,19,1,NULL,NULL,NULL,NULL,NULL),(69,61,19,2,NULL,NULL,NULL,NULL,NULL),(70,85,20,1,NULL,NULL,NULL,NULL,NULL),(71,85,9,1,NULL,NULL,NULL,NULL,NULL),(72,86,41,1,NULL,NULL,NULL,NULL,NULL),(73,87,20,2,NULL,NULL,NULL,NULL,NULL),(74,88,22,1,NULL,NULL,NULL,NULL,NULL),(75,88,9,1,NULL,NULL,NULL,NULL,NULL),(76,89,22,2,NULL,NULL,NULL,NULL,NULL),(77,90,43,2,NULL,NULL,NULL,NULL,NULL),(78,91,20,1,NULL,NULL,NULL,NULL,NULL),(79,92,317,1,NULL,NULL,NULL,NULL,NULL),(80,92,99,1,NULL,NULL,NULL,NULL,NULL),(81,151,43,2,NULL,NULL,NULL,NULL,NULL),(82,152,43,2,NULL,NULL,NULL,NULL,NULL),(83,153,43,2,NULL,NULL,NULL,NULL,NULL),(84,154,43,2,NULL,NULL,NULL,NULL,NULL),(85,174,43,1,NULL,NULL,NULL,NULL,NULL),(86,174,140,1,NULL,NULL,NULL,NULL,NULL),(87,176,28,12,NULL,NULL,NULL,NULL,NULL),(88,177,99,1,NULL,NULL,NULL,NULL,NULL),(89,177,100,1,NULL,NULL,NULL,NULL,NULL),(90,177,50,1,NULL,NULL,NULL,NULL,NULL),(91,177,58,1,NULL,NULL,NULL,NULL,NULL),(92,177,61,1,NULL,NULL,NULL,NULL,NULL),(93,178,621,2,NULL,NULL,NULL,NULL,NULL),(94,178,54,3,NULL,NULL,NULL,NULL,NULL),(95,178,16,3,NULL,NULL,NULL,NULL,NULL),(96,179,428,1,NULL,NULL,NULL,NULL,NULL),(97,179,495,1,NULL,NULL,NULL,NULL,NULL),(98,191,381,1,NULL,NULL,NULL,NULL,NULL),(99,200,427,2,NULL,NULL,NULL,NULL,NULL),(100,200,450,1,NULL,NULL,NULL,NULL,NULL),(101,200,631,2,NULL,NULL,NULL,NULL,NULL);
/*!40000 ALTER TABLE `desglocePedidos` ENABLE KEYS */;
UNLOCK TABLES;

--
-- Table structure for table `estados`
--

DROP TABLE IF EXISTS `estados`;
/*!40101 SET @saved_cs_client     = @@character_set_client */;
/*!40101 SET character_set_client = utf8 */;
CREATE TABLE `estados` (
  `idestado` int(10) unsigned NOT NULL AUTO_INCREMENT,
  `descripcion` varchar(255) COLLATE utf8mb4_unicode_ci NOT NULL,
  `created_at` timestamp NULL DEFAULT NULL,
  `updated_at` timestamp NULL DEFAULT NULL,
  PRIMARY KEY (`idestado`)
) ENGINE=InnoDB AUTO_INCREMENT=4 DEFAULT CHARSET=utf8mb4 COLLATE=utf8mb4_unicode_ci;
/*!40101 SET character_set_client = @saved_cs_client */;

--
-- Dumping data for table `estados`
--

LOCK TABLES `estados` WRITE;
/*!40000 ALTER TABLE `estados` DISABLE KEYS */;
INSERT INTO `estados` VALUES (1,'en espera',NULL,NULL),(2,'surtido',NULL,NULL),(3,'entregado',NULL,NULL);
/*!40000 ALTER TABLE `estados` ENABLE KEYS */;
UNLOCK TABLES;

--
-- Table structure for table `migrations`
--

DROP TABLE IF EXISTS `migrations`;
/*!40101 SET @saved_cs_client     = @@character_set_client */;
/*!40101 SET character_set_client = utf8 */;
CREATE TABLE `migrations` (
  `id` int(10) unsigned NOT NULL AUTO_INCREMENT,
  `migration` varchar(255) COLLATE utf8mb4_unicode_ci NOT NULL,
  `batch` int(11) NOT NULL,
  PRIMARY KEY (`id`)
) ENGINE=InnoDB AUTO_INCREMENT=25 DEFAULT CHARSET=utf8mb4 COLLATE=utf8mb4_unicode_ci;
/*!40101 SET character_set_client = @saved_cs_client */;

--
-- Dumping data for table `migrations`
--

LOCK TABLES `migrations` WRITE;
/*!40000 ALTER TABLE `migrations` DISABLE KEYS */;
INSERT INTO `migrations` VALUES (5,'2018_01_12_145818_create_residencias_table',1),(6,'2018_01_12_150239_create_users_table',1),(7,'2018_01_12_155735_create_partidas_table',2),(8,'2018_01_12_161037_create_productos_table',2),(9,'2018_01_12_165443_create_pedidos_table',3),(10,'2018_01_12_181757_create_desglocePedidos_table',3),(11,'2018_01_19_125504_add_remember_token_to_users_table',4),(12,'2018_02_11_154454_create_capitulos_table',5),(13,'2018_02_11_161618_create_asignaciones_table',6),(14,'2018_02_11_180354_add_idcap_to_partidas_table',7),(15,'2018_02_11_202655_create_desgloce_asignaciones_table',8),(16,'2018_02_23_144117_add_idpartida_to_desgloce_asignaciones',9),(17,'2018_02_23_160701_alter_asignaciones_table',10),(18,'2018_02_23_170230_alter_desgloce_asignaciones_table',11),(19,'2018_02_23_173857_add_idpartida_to_asignaciones',12),(20,'2018_02_24_094340_alter_asignaciones_table',13),(21,'2018_02_24_095045_add_idpartida_to_desgloce_asignaciones',14),(22,'2018_02_28_203909_create_estados_table',15),(23,'2018_02_28_204639_add_idestado_to_pedidos',16),(24,'2018_03_10_004711_alter_partidas_table',17);
/*!40000 ALTER TABLE `migrations` ENABLE KEYS */;
UNLOCK TABLES;

--
-- Table structure for table `partidas`
--

DROP TABLE IF EXISTS `partidas`;
/*!40101 SET @saved_cs_client     = @@character_set_client */;
/*!40101 SET character_set_client = utf8 */;
CREATE TABLE `partidas` (
  `idpartida` int(10) unsigned NOT NULL AUTO_INCREMENT,
  `nombre_partida` varchar(100) COLLATE utf8mb4_unicode_ci NOT NULL,
  `created_at` timestamp NULL DEFAULT NULL,
  `updated_at` timestamp NULL DEFAULT NULL,
  PRIMARY KEY (`idpartida`)
) ENGINE=InnoDB AUTO_INCREMENT=29402 DEFAULT CHARSET=utf8mb4 COLLATE=utf8mb4_unicode_ci;
/*!40101 SET character_set_client = @saved_cs_client */;

--
-- Dumping data for table `partidas`
--

LOCK TABLES `partidas` WRITE;
/*!40000 ALTER TABLE `partidas` DISABLE KEYS */;
INSERT INTO `partidas` VALUES (1,'HERRAMIENTAS y varios','2018-03-09 15:55:08','2018-03-23 16:29:59'),(2,'VARIOS','2018-03-09 19:24:05','2018-03-15 23:27:18'),(21101,'MATERIALES Y ÚTILES DE OFICINA','0000-00-00 00:00:00','0000-00-00 00:00:00'),(21201,'MATERIALES Y ÚTILES DE IMPRESIÓN Y REPRODUCCIÓN','0000-00-00 00:00:00','0000-00-00 00:00:00'),(21401,'MATERIALES Y ÚTILES PARA EL PROCESAMIENTO EN EQUIPOS Y BIENES INFORMÁTICOS','0000-00-00 00:00:00','0000-00-00 00:00:00'),(21601,'MATERIAL DE LIMPIEZA','0000-00-00 00:00:00','0000-00-00 00:00:00'),(22103,'PRODUCTOS ALIMENTICIOS PARA EL PERSONAL QUE REALIZA LABORES EN CAMPO O DE SUPERVISIÓN','0000-00-00 00:00:00','0000-00-00 00:00:00'),(22104,'PRODUCTOS ALIMENTICIOS PARA EL PERSONAL EN INSTALACIONES DE LAS DEPENDENCIAS Y ENTIDADES','0000-00-00 00:00:00','0000-00-00 00:00:00'),(24601,'MATERIAL ELÉCTRICO Y ELECTRÓNICO','0000-00-00 00:00:00','0000-00-00 00:00:00'),(26102,'COMB. LUB. Y ADIT. P/VEH. TERRESTRES AEREOS','0000-00-00 00:00:00','0000-00-00 00:00:00'),(26103,'COMB. LUB. Y ADIT. P/VEH. TERRESTRES AEREOS DESTINADOS A SERVICIOS ADTVOS.',NULL,NULL),(26104,'COMB. LUB. Y ADIT. P/VEH. TERRESTRES AEREOS ASIGNADOS A SERVIDORES PÚBLICOS',NULL,NULL),(26105,'COMB. LUB. Y ADIT. P/VEH. TERRESTRES AEREOS PARA MAQUINARIA. EQUIPO DE PRODUCCIÓN Y SERVIOS ADTVOS.',NULL,NULL),(27201,'PRENDAS DE PROTECCIÓN PERSONAL','0000-00-00 00:00:00','0000-00-00 00:00:00'),(29401,'REFACCIONES Y ACCESORIOS PARA EQUIPO DE COMPUTO','0000-00-00 00:00:00','0000-00-00 00:00:00');
/*!40000 ALTER TABLE `partidas` ENABLE KEYS */;
UNLOCK TABLES;

--
-- Table structure for table `pedidos`
--

DROP TABLE IF EXISTS `pedidos`;
/*!40101 SET @saved_cs_client     = @@character_set_client */;
/*!40101 SET character_set_client = utf8 */;
CREATE TABLE `pedidos` (
  `idpedido` int(10) unsigned NOT NULL AUTO_INCREMENT,
  `idresidencia` int(10) unsigned DEFAULT NULL,
  `total` double(8,2) NOT NULL,
  `fecha_pedido` date NOT NULL,
  `created_at` timestamp NULL DEFAULT NULL,
  `updated_at` timestamp NULL DEFAULT NULL,
  `idestado` int(10) unsigned NOT NULL,
  PRIMARY KEY (`idpedido`),
  KEY `pedidos_idresidencia_foreign` (`idresidencia`),
  KEY `pedidos_idestado_foreign` (`idestado`),
  CONSTRAINT `pedidos_idestado_foreign` FOREIGN KEY (`idestado`) REFERENCES `estados` (`idestado`),
  CONSTRAINT `pedidos_idresidencia_foreign` FOREIGN KEY (`idresidencia`) REFERENCES `residencias` (`idresidencia`)
) ENGINE=InnoDB AUTO_INCREMENT=201 DEFAULT CHARSET=utf8mb4 COLLATE=utf8mb4_unicode_ci;
/*!40101 SET character_set_client = @saved_cs_client */;

--
-- Dumping data for table `pedidos`
--

LOCK TABLES `pedidos` WRITE;
/*!40000 ALTER TABLE `pedidos` DISABLE KEYS */;
INSERT INTO `pedidos` VALUES (1,1,2300.00,'2018-03-15',NULL,'2018-03-09 02:26:51',3),(4,1,29.93,'2018-03-02',NULL,'2018-03-09 02:27:46',3),(6,1,40.02,'2018-03-02',NULL,'2018-03-09 16:10:59',3),(7,1,47.56,'2018-03-02',NULL,'2018-03-15 15:10:18',3),(8,1,96.86,'2018-03-02',NULL,'2018-03-15 15:14:06',3),(9,1,103.24,'2018-03-02',NULL,'2018-03-15 15:40:19',3),(10,1,909.44,'2018-03-02',NULL,'2018-03-08 05:42:41',2),(11,1,225.04,'2018-03-02',NULL,'2018-03-23 16:31:53',3),(12,1,191.40,'2018-03-02',NULL,'2018-03-16 01:48:31',3),(13,1,193.72,'2018-03-02',NULL,NULL,1),(14,1,71.34,'2018-03-02',NULL,'2018-03-23 02:05:36',2),(15,3,56.84,'2018-03-02',NULL,NULL,1),(16,3,22.31,'2018-03-02',NULL,NULL,1),(17,3,247.08,'2018-03-02',NULL,NULL,1),(18,3,1593.84,'2018-03-02',NULL,NULL,1),(19,3,12.76,'2018-03-02',NULL,'2018-03-15 23:36:28',2),(20,3,25.52,'2018-03-02',NULL,NULL,1),(21,3,712.24,'2018-03-02',NULL,NULL,1),(22,3,12.76,'2018-03-02',NULL,NULL,1),(23,3,0.00,'2018-03-02',NULL,NULL,1),(24,3,421.08,'2018-03-02',NULL,NULL,1),(25,3,44.54,'2018-03-02',NULL,NULL,1),(26,1,24.19,'2018-03-02',NULL,NULL,1),(27,1,80.04,'2018-03-03',NULL,NULL,1),(28,1,23.78,'2018-03-03',NULL,NULL,1),(29,1,38.28,'2018-03-03',NULL,'2018-03-14 02:04:57',2),(30,1,28.42,'2018-03-03',NULL,NULL,1),(31,1,214.60,'2018-03-03',NULL,NULL,1),(32,1,214.60,'2018-03-03',NULL,NULL,1),(33,1,47.56,'2018-03-03',NULL,NULL,1),(34,1,37.93,'2018-03-05',NULL,NULL,1),(35,1,934.96,'2018-03-05',NULL,NULL,1),(36,1,50.72,'2018-03-05',NULL,NULL,1),(37,1,38.28,'2018-03-05',NULL,NULL,1),(38,1,18.44,'2018-03-05',NULL,NULL,1),(39,1,36.54,'2018-03-05',NULL,NULL,1),(40,1,123.54,'2018-03-05',NULL,NULL,1),(41,1,62.58,'2018-03-05',NULL,NULL,1),(42,1,12.76,'2018-03-05',NULL,NULL,1),(43,1,47.56,'2018-03-05',NULL,NULL,1),(44,1,25.52,'2018-03-05',NULL,NULL,1),(45,1,23.78,'2018-03-05',NULL,NULL,1),(46,1,96.86,'2018-03-05',NULL,NULL,1),(47,1,38.28,'2018-03-05',NULL,NULL,1),(48,1,154.86,'2018-03-05',NULL,NULL,1),(49,1,337.56,'2018-03-05',NULL,NULL,1),(50,1,337.56,'2018-03-05',NULL,NULL,1),(51,1,37.12,'2018-03-05',NULL,NULL,1),(52,1,796.92,'2018-03-05',NULL,NULL,1),(53,1,120.06,'2018-03-05',NULL,NULL,1),(54,1,80.04,'2018-03-05',NULL,NULL,1),(55,1,103.24,'2018-03-05',NULL,NULL,1),(56,1,73.08,'2018-03-05',NULL,NULL,1),(57,1,12.76,'2018-03-05',NULL,NULL,1),(58,1,12.76,'2018-03-05',NULL,NULL,1),(59,1,36.54,'2018-03-05',NULL,NULL,1),(60,1,36.54,'2018-03-05',NULL,NULL,1),(61,1,25.52,'2018-03-05',NULL,NULL,1),(62,1,184.44,'2018-03-07',NULL,NULL,1),(63,1,25.52,'2018-03-07',NULL,NULL,1),(64,1,25.52,'2018-03-07',NULL,NULL,1),(65,1,25.52,'2018-03-07',NULL,NULL,1),(66,1,25.52,'2018-03-07',NULL,NULL,1),(67,1,25.52,'2018-03-07',NULL,NULL,1),(68,1,25.52,'2018-03-07',NULL,NULL,1),(69,1,25.52,'2018-03-07',NULL,NULL,1),(70,1,25.52,'2018-03-07',NULL,NULL,1),(71,1,25.52,'2018-03-07',NULL,NULL,1),(72,1,165.21,'2018-03-07',NULL,NULL,1),(73,1,165.21,'2018-03-07',NULL,NULL,1),(74,1,165.21,'2018-03-07',NULL,NULL,1),(75,1,165.21,'2018-03-07',NULL,NULL,1),(76,1,165.21,'2018-03-07',NULL,NULL,1),(77,1,165.21,'2018-03-07',NULL,NULL,1),(78,1,165.21,'2018-03-07',NULL,NULL,1),(79,1,165.21,'2018-03-07',NULL,NULL,1),(80,1,165.21,'2018-03-07',NULL,NULL,1),(81,1,165.21,'2018-03-07',NULL,NULL,1),(82,1,165.21,'2018-03-07',NULL,NULL,1),(83,1,165.21,'2018-03-07',NULL,NULL,1),(84,1,131.07,'2018-03-08',NULL,NULL,1),(85,1,131.07,'2018-03-08',NULL,NULL,1),(86,1,186.06,'2018-03-08',NULL,NULL,1),(87,1,150.43,'2018-03-08',NULL,NULL,1),(88,1,68.14,'2018-03-08',NULL,NULL,1),(89,1,24.57,'2018-03-08',NULL,NULL,1),(90,1,22.76,'2018-03-08',NULL,NULL,1),(91,1,75.21,'2018-03-08',NULL,NULL,1),(92,1,986.23,'2018-03-08',NULL,NULL,1),(93,1,23.78,'2018-03-08',NULL,NULL,1),(94,1,23.78,'2018-03-08',NULL,NULL,1),(95,1,23.78,'2018-03-08',NULL,NULL,1),(96,1,23.78,'2018-03-08',NULL,NULL,1),(97,1,23.78,'2018-03-08',NULL,NULL,1),(98,1,23.78,'2018-03-08',NULL,NULL,1),(99,1,23.78,'2018-03-08',NULL,NULL,1),(100,1,23.78,'2018-03-08',NULL,NULL,1),(101,1,23.78,'2018-03-08',NULL,NULL,1),(102,1,23.78,'2018-03-08',NULL,NULL,1),(103,1,23.78,'2018-03-08',NULL,NULL,1),(104,1,23.78,'2018-03-08',NULL,NULL,1),(105,1,23.78,'2018-03-08',NULL,NULL,1),(106,1,23.78,'2018-03-08',NULL,NULL,1),(107,1,23.78,'2018-03-08',NULL,NULL,1),(108,1,23.78,'2018-03-08',NULL,NULL,1),(109,1,23.78,'2018-03-08',NULL,NULL,1),(110,1,23.78,'2018-03-08',NULL,NULL,1),(111,1,23.78,'2018-03-08',NULL,NULL,1),(112,1,23.78,'2018-03-08',NULL,NULL,1),(113,1,23.78,'2018-03-08',NULL,NULL,1),(114,1,23.78,'2018-03-08',NULL,NULL,1),(115,1,23.78,'2018-03-08',NULL,NULL,1),(116,1,23.78,'2018-03-08',NULL,NULL,1),(117,1,23.78,'2018-03-08',NULL,NULL,1),(118,1,23.78,'2018-03-08',NULL,NULL,1),(119,1,23.78,'2018-03-08',NULL,NULL,1),(120,1,23.78,'2018-03-08',NULL,NULL,1),(121,1,23.78,'2018-03-08',NULL,NULL,1),(122,1,23.78,'2018-03-08',NULL,NULL,1),(123,1,23.78,'2018-03-08',NULL,NULL,1),(124,1,23.78,'2018-03-08',NULL,NULL,1),(125,1,23.78,'2018-03-08',NULL,NULL,1),(126,1,23.78,'2018-03-08',NULL,NULL,1),(127,1,23.78,'2018-03-08',NULL,NULL,1),(128,1,23.78,'2018-03-08',NULL,NULL,1),(129,1,23.78,'2018-03-08',NULL,NULL,1),(130,1,23.78,'2018-03-08',NULL,NULL,1),(131,1,23.78,'2018-03-08',NULL,NULL,1),(132,1,23.78,'2018-03-08',NULL,NULL,1),(133,1,23.78,'2018-03-08',NULL,NULL,1),(134,1,23.78,'2018-03-08',NULL,NULL,1),(135,1,23.78,'2018-03-08',NULL,NULL,1),(136,1,23.78,'2018-03-08',NULL,NULL,1),(137,1,23.78,'2018-03-08',NULL,NULL,1),(138,1,23.78,'2018-03-08',NULL,NULL,1),(139,1,23.78,'2018-03-08',NULL,NULL,1),(140,1,23.78,'2018-03-08',NULL,NULL,1),(141,1,23.78,'2018-03-08',NULL,NULL,1),(142,1,23.78,'2018-03-08',NULL,NULL,1),(143,1,23.78,'2018-03-08',NULL,NULL,1),(144,1,23.78,'2018-03-08',NULL,NULL,1),(145,1,23.78,'2018-03-08',NULL,NULL,1),(146,1,23.78,'2018-03-08',NULL,NULL,1),(147,1,23.78,'2018-03-08',NULL,NULL,1),(148,1,23.78,'2018-03-08',NULL,NULL,1),(149,1,23.78,'2018-03-08',NULL,NULL,1),(150,1,23.78,'2018-03-08',NULL,NULL,1),(151,1,46.54,'2018-03-08',NULL,NULL,1),(152,1,46.54,'2018-03-08',NULL,NULL,1),(153,1,46.54,'2018-03-08',NULL,NULL,1),(154,1,46.54,'2018-03-08',NULL,NULL,1),(155,1,46.54,'2018-03-08',NULL,NULL,1),(156,1,46.54,'2018-03-08',NULL,NULL,1),(157,1,22.76,'2018-03-08',NULL,NULL,1),(158,1,25.52,'2018-03-08',NULL,NULL,1),(159,1,47.56,'2018-03-08',NULL,NULL,1),(160,1,47.56,'2018-03-08',NULL,NULL,1),(161,1,47.56,'2018-03-08',NULL,NULL,1),(162,1,47.56,'2018-03-08',NULL,NULL,1),(163,1,47.56,'2018-03-08',NULL,NULL,1),(164,1,47.56,'2018-03-08',NULL,NULL,1),(165,1,47.56,'2018-03-08',NULL,NULL,1),(166,1,47.56,'2018-03-08',NULL,NULL,1),(167,1,47.56,'2018-03-08',NULL,NULL,1),(168,1,47.56,'2018-03-08',NULL,NULL,1),(169,1,47.56,'2018-03-08',NULL,NULL,1),(170,1,47.56,'2018-03-08',NULL,NULL,1),(171,1,12.76,'2018-03-08',NULL,NULL,1),(172,1,12.76,'2018-03-08',NULL,NULL,1),(173,1,25.52,'2018-03-08',NULL,NULL,1),(174,1,283.98,'2018-03-08',NULL,NULL,1),(175,1,186.06,'2018-03-08',NULL,NULL,1),(176,3,83.52,'2018-03-08',NULL,NULL,1),(177,3,2838.52,'2018-03-08',NULL,NULL,1),(178,3,499.96,'2018-03-08',NULL,NULL,1),(179,2,151.48,'2018-03-08',NULL,NULL,1),(180,2,96.86,'2018-03-09',NULL,NULL,1),(181,2,96.86,'2018-03-09',NULL,NULL,1),(182,2,96.86,'2018-03-09',NULL,NULL,1),(183,2,96.86,'2018-03-09',NULL,NULL,1),(184,2,96.86,'2018-03-09',NULL,NULL,1),(185,2,96.86,'2018-03-09',NULL,NULL,1),(186,2,96.86,'2018-03-09',NULL,NULL,1),(187,2,96.86,'2018-03-09',NULL,NULL,1),(188,2,96.86,'2018-03-09',NULL,NULL,1),(189,2,96.86,'2018-03-09',NULL,NULL,1),(190,2,96.86,'2018-03-09',NULL,NULL,1),(191,2,324.57,'2018-03-09',NULL,NULL,1),(192,2,55.85,'2018-03-09',NULL,NULL,1),(193,3,1012.84,'2018-03-09',NULL,NULL,1),(198,3,78.51,'2018-03-09',NULL,NULL,1),(200,5,1345.00,'2018-03-12',NULL,'2018-03-16 01:54:39',3);
/*!40000 ALTER TABLE `pedidos` ENABLE KEYS */;
UNLOCK TABLES;

--
-- Table structure for table `productos`
--

DROP TABLE IF EXISTS `productos`;
/*!40101 SET @saved_cs_client     = @@character_set_client */;
/*!40101 SET character_set_client = utf8 */;
CREATE TABLE `productos` (
  `idproducto` int(10) unsigned NOT NULL AUTO_INCREMENT,
  `idpartida` int(10) unsigned NOT NULL,
  `cucop` varchar(255) COLLATE utf8mb4_unicode_ci NOT NULL,
  `cambs` varchar(255) COLLATE utf8mb4_unicode_ci NOT NULL,
  `descripcion` varchar(255) COLLATE utf8mb4_unicode_ci NOT NULL,
  `unidad_medida` varchar(255) COLLATE utf8mb4_unicode_ci NOT NULL,
  `precio` double(5,2) NOT NULL,
  `devolver` varchar(255) COLLATE utf8mb4_unicode_ci NOT NULL,
  `cantidad` int(11) NOT NULL,
  `created_at` timestamp NULL DEFAULT NULL,
  `updated_at` timestamp NULL DEFAULT NULL,
  PRIMARY KEY (`idproducto`),
  KEY `productos_idpartida_foreign` (`idpartida`),
  CONSTRAINT `productos_idpartida_foreign` FOREIGN KEY (`idpartida`) REFERENCES `partidas` (`idpartida`)
) ENGINE=InnoDB AUTO_INCREMENT=810 DEFAULT CHARSET=utf8mb4 COLLATE=utf8mb4_unicode_ci;
/*!40101 SET character_set_client = @saved_cs_client */;

--
-- Dumping data for table `productos`
--

LOCK TABLES `productos` WRITE;
/*!40000 ALTER TABLE `productos` DISABLE KEYS */;
INSERT INTO `productos` VALUES (1,29401,'29400031','(0000000000-000)','ACCESS POINT REPETIDOR DE PUNTO DE ACCESO MARCA STEREN COM-817','PZA.',750.00,'NO',1,'0000-00-00 00:00:00','0000-00-00 00:00:00'),(2,29401,'29400041','(C870000098-001)','ACCESS POINT RUTEADOR INALAMBRICO DE 300 MBPS','PZA.',945.00,'NO',1,'0000-00-00 00:00:00','0000-00-00 00:00:00'),(3,22103,'22100005','C600200006-002','ACEITE DE CARTAMO BOTELLA DE 943 M.L.','LITRO',57.00,'NO',1,'0000-00-00 00:00:00','0000-00-00 00:00:00'),(4,22103,'22100005','C600200006-001','ACEITE DE SOYA BOTELLA DE 943 M.L.','LITRO',33.00,'NO',1,'0000-00-00 00:00:00','0000-00-00 00:00:00'),(5,21601,'21600001','C420000170-001','ACEITE ROJO PARA MUEBLES AROMA A CEREZA DE 1000 ML.','FRASCO',34.82,'NO',1,'0000-00-00 00:00:00','0000-00-00 00:00:00'),(6,21101,'21100144','C660400032-004','ACETATO P/COPIADORA T/CARTA PAQT.C/100 PZAS.','PAQUETE',110.00,'NO',1,'0000-00-00 00:00:00','0000-00-00 00:00:00'),(7,21101,'21100144','C660400032-003','ACETATOS  P/COPIADORA T/OFICIO C/100 PZAS (ALBANENE)','PAQUETE',146.50,'NO',1,'0000-00-00 00:00:00','0000-00-00 00:00:00'),(8,21601,'21600002','C420000966-001','ACIDO MURIATICO DE 1000 ML.','FRASCO',12.99,'NO',1,'0000-00-00 00:00:00','0000-00-00 00:00:00'),(9,29401,'29400028','(C870000076-002)','ADAPTADOR DE CORRIENTE UN IVERSAL C/ PUNTAS INTERCAMBIABLES','PZA.',595.00,'NO',1,'0000-00-00 00:00:00','0000-00-00 00:00:00'),(10,21101,'21100165','C210000216-001','AGENDA DE CAJA IMITACION PIEL 14.3X20.3','PIEZA',110.00,'NO',1,'0000-00-00 00:00:00','0000-00-00 00:00:00'),(11,21101,'NO REGIS.','0000000000-000','AGENDA DE LA ADMINISTRACION PUBLICA FEDERAL 2017','PIEZA',234.30,'NO',1,'0000-00-00 00:00:00','0000-00-00 00:00:00'),(12,29401,'NO','(0000000000-000)','AIRE COMPRIMIDO DE 440 ML C/APLICADOR','PZA.',78.00,'NO',1,'0000-00-00 00:00:00','0000-00-00 00:00:00'),(13,29401,'NO','(0000000000-000)','ANTI STATIC LIMPIADOR DE PANTALLAS DE 120 ML. C/ATOMIZADOR','PZA.',46.00,'NO',1,'0000-00-00 00:00:00','0000-00-00 00:00:00'),(14,21101,'21100209','C210000078-006','ARCHIVADOR DE PLASTICO T/CARTA ELABORADO EN POLIPROPILENO MOD. PA13','PIEZA',85.00,'NO',1,'0000-00-00 00:00:00','0000-00-00 00:00:00'),(15,21101,'21100209','C210000078-007','ARCHIVADOR DE PLASTICO T/OFICIO FABRICADO EN POLIPROPILENO MOD. PA11','PIEZA',97.00,'NO',1,'0000-00-00 00:00:00','0000-00-00 00:00:00'),(16,21101,'NO REGIS.','0000000000-000','ARCHIVADOR DE PLASTICO T/OFICIO FABRICADO EN POLIPROPILENO MOD. X4N','PIEZA',90.00,'NO',1,'0000-00-00 00:00:00','0000-00-00 00:00:00'),(17,21101,'NO REGIS.','0000000000-000','ARCHIVADOR DE PLASTICO T/OFICIO FABRICADO EN POLIPROPILENO MOD. X5N','PIEZA',102.00,'NO',1,'0000-00-00 00:00:00','0000-00-00 00:00:00'),(18,21101,'21100097','C210000066-005','ARILLO DE PLASTICO DE 1/4 CON 25 PZAS. COLOR NEGRO.','PAQUETE',132.50,'NO',1,'0000-00-00 00:00:00','0000-00-00 00:00:00'),(19,21101,'21100097','C210000066-011','ARILLO DE PLASTICO DE 1 1/2 CON 25 PZAS COLOR NEGRO.','PAQUETE',124.50,'NO',1,'0000-00-00 00:00:00','0000-00-00 00:00:00'),(20,21101,'21100097','C210000066-016','ARILLO DE PLASTICO DE 7/16 CON 25 PZAS COLOR NEGRO.','PAQUETE',34.50,'NO',1,'0000-00-00 00:00:00','0000-00-00 00:00:00'),(21,21101,'21100097','C210000066-017','ARILLO DE PLASTICO DE 7/8 CON 25 PZAS. COLOR NEGRO.','PAQUETE',92.50,'NO',1,'0000-00-00 00:00:00','0000-00-00 00:00:00'),(22,21101,'21100097','C210000066-012','ARILLO DE PLÁSTICO GBC 1 3/4 CON 25 PIEZAS','PAQUETE',153.50,'NO',1,'0000-00-00 00:00:00','0000-00-00 00:00:00'),(23,21101,'21100097','C210000066-003','ARILLOS DE PLASTICO DE 1 CON 25 PZAS COLOR NEGRO.','PAQUETE',106.50,'NO',1,'0000-00-00 00:00:00','0000-00-00 00:00:00'),(24,21101,'21100097','C210000066-004','ARILLOS DE PLASTICO DE 1/2 CON 25 PZAS. COLOR NEGRO.','PAQUETE',44.50,'NO',1,'0000-00-00 00:00:00','0000-00-00 00:00:00'),(25,21101,'21100097','C210000066-006','ARILLOS DE PLASTICO DE 3/4 CON 25 PZAS COLOR NEGRO.','PAQUETE',83.50,'NO',1,'0000-00-00 00:00:00','0000-00-00 00:00:00'),(26,21101,'21100097','C210000066-007','ARILLOS DE PLASTICO DE 3/8 CON 25 PZAS COLOR NEGRO.','PAQUETE',34.50,'NO',1,'0000-00-00 00:00:00','0000-00-00 00:00:00'),(27,21101,'21100097','C210000066-009','ARILLOS DE PLASTICO DE 5/8 CON 25 PZAS COLOR NEGRO.','PAQUETE',79.50,'NO',1,'0000-00-00 00:00:00','0000-00-00 00:00:00'),(28,21601,'21600015','C420000042-012','AROMATIZANTE AMBIENTAL EN SPRAY DE 325 GRS. 420 ML.','BOTE',48.15,'NO',1,'0000-00-00 00:00:00','0000-00-00 00:00:00'),(29,22104,'22100023','C570400018-001','ARROZ BOLSA DE 900 GRS.','KG',23.00,'NO',1,'0000-00-00 00:00:00','0000-00-00 00:00:00'),(30,22104,'22100026','C540000006-002','ATUN EN ACEITE LATA DE 140 GRS.','PIEZA',16.00,'NO',1,'0000-00-00 00:00:00','0000-00-00 00:00:00'),(31,22103,'22100026','C540000006-002','ATUN EN ACEITE LATA DE 140 GRS.','PIEZA',16.00,'NO',1,'0000-00-00 00:00:00','0000-00-00 00:00:00'),(32,22104,'22100026','C540000006-003','ATUN EN AGUA LATA DE 140 GRS.','PIEZA',16.00,'NO',1,'0000-00-00 00:00:00','0000-00-00 00:00:00'),(33,22103,'22100026','C540000006-003','ATUN EN AGUA LATA DE 140 GRS.','PIEZA',16.00,'NO',1,'0000-00-00 00:00:00','0000-00-00 00:00:00'),(34,22104,'22100028','C570400022-001','AVENA BOTE DE 400 GRS.','BOTE',25.00,'NO',1,'0000-00-00 00:00:00','0000-00-00 00:00:00'),(35,22104,'22100039','C600800002-005','AZUCAR ESTANDART','KG.',17.00,'NO',1,'0000-00-00 00:00:00','0000-00-00 00:00:00'),(36,22103,'22100039','C600800002-005','AZUCAR ESTANDART','KG.',17.00,'NO',1,'0000-00-00 00:00:00','0000-00-00 00:00:00'),(37,21101,'NO REGIS.','0000000000-000','BANDERITA CON DESPACHADORES','PAQUETE',20.50,'NO',1,'0000-00-00 00:00:00','0000-00-00 00:00:00'),(38,21101,'21100085','C660200006-059','BANDERITAS POST-IT DIFERENTES COLORES','BLOCK',11.00,'NO',1,'0000-00-00 00:00:00','0000-00-00 00:00:00'),(39,21601,'21600010','C420000056-008','BASE AHULADA COMBINADA 19','PIEZA',64.84,'NO',1,'0000-00-00 00:00:00','0000-00-00 00:00:00'),(40,21101,'21100105','C660200006-017','BITACORA DE OBRA CON 75 HOJAS (25 JUEGOS) DE PAPEL BOND 72 GR./58 GR. M2. 21X27 CM.','PIEZA',72.00,'NO',1,'0000-00-00 00:00:00','0000-00-00 00:00:00'),(41,21601,'21600005','C420000006-003','BLANQUEADOR LIQUIDO DE 1 LITRO AL 6%.','FRASCO',10.59,'NO',1,'0000-00-00 00:00:00','0000-00-00 00:00:00'),(42,21101,'NO REGIS.','0000000000-000','BLOCK CARTA PODER','BLOCK',15.50,'NO',1,'0000-00-00 00:00:00','0000-00-00 00:00:00'),(43,21101,'21100109','C660200006-061','BLOCK ENGOMADO DE HOJAS CUADRICULAS T/CARTA C/80 HOJAS','BLOCK',9.95,'NO',1,'0000-00-00 00:00:00','0000-00-00 00:00:00'),(44,21101,'21100109','C660200006-106','BLOCK ENGOMADO DE HOJAS DE RAYAS T/CARTA C/80 HOJAS','BLOCK',9.95,'NO',1,'0000-00-00 00:00:00','0000-00-00 00:00:00'),(45,21101,'21100144','C660400032-007','BLOCK PAPEL MILIMETRICO TAMAÑO CARTA','BLOCK',13.75,'NO',1,'0000-00-00 00:00:00','0000-00-00 00:00:00'),(46,29401,'NO','(0000000000-000)','BOBINA DE CABLE PARA RED DE 300 MTS. CAT. 6','PZA.',999.99,'NO',1,'0000-00-00 00:00:00','0000-00-00 00:00:00'),(47,21101,'21100026','C210000024-040','BOLIGRAFO DE CRISTAL GEL P/M COLOR ROJO. NEGRO Y AZUL MOD. CG12','PIEZA',6.00,'NO',1,'0000-00-00 00:00:00','0000-00-00 00:00:00'),(48,21101,'21100026','C210000024-109','BOLIGRAFO PUNTO FINO  ROJO  TAPA CUERPO AMARILLO C/TAPA /CLIP QUE INDICA EL COLOR DETINTA','PIEZA',2.23,'NO',1,'0000-00-00 00:00:00','0000-00-00 00:00:00'),(49,21101,'21100026','C210000024-026','BOLIGRAFO PUNTO FINO NEGRO CUERPO AMARILLO C/TAPA C/CLIP QUE INDICA EL COLOR DE TINTA','PIEZA',2.23,'NO',1,'0000-00-00 00:00:00','0000-00-00 00:00:00'),(50,21101,'21100026','C210000024-036','BOLIGRAFO PUNTO MEDIANO  NEGRO TAPA C/CLIP QUE INDICA EL COLOR DE TINTA','PIEZA',2.15,'NO',1,'0000-00-00 00:00:00','0000-00-00 00:00:00'),(51,21101,'21100026','C210000024-027','BOLIGRAFO PUNTO MEDIANO AZUL TAPA C/CLIP QUE INDICA EL COLOR DE TINTA','PIEZA',2.15,'NO',1,'0000-00-00 00:00:00','0000-00-00 00:00:00'),(52,21101,'21100026','C210000024-028','BOLIGRAFO PUNTO MEDIANO ROJO TAPA C/CLIP QUE INDICA EL COLOR DE TINTA','PIEZA',2.15,'NO',1,'0000-00-00 00:00:00','0000-00-00 00:00:00'),(53,21101,'NO REGIS.','0000000000-000','BOLIGRAFO RECTRATIL TINTA GEL CON CLIP Y GRIP INTEGRADO 0.7 MM COLOR AZUL MOD. BL107','PIEZA',11.90,'NO',1,'0000-00-00 00:00:00','0000-00-00 00:00:00'),(54,21101,'NO REGIS.','0000000000-000','BOLIGRAFO RECTRATIL TINTA GEL CON CLIP Y GRIP INTEGRADO 0.7 MM COLOR NEGRO MOD. BL107','PIEZA',11.90,'NO',1,'0000-00-00 00:00:00','0000-00-00 00:00:00'),(55,21101,'21100026','C210000024-038','BOLIGRAFO RECTRATIL TINTA GEL CON CLIP Y GRIP INTEGRADO CON ACCION LATERAL TINTA AZUL MOD. KBK440','PIEZA',4.25,'NO',1,'0000-00-00 00:00:00','0000-00-00 00:00:00'),(56,21101,'21100026','C210000024-037','BOLIGRAFO RECTRATIL TINTA GEL CON CLIP Y GRIP INTEGRADO CON ACCION LATERAL TINTA NEGRA MOD. K43CR','PIEZA',4.25,'NO',1,'0000-00-00 00:00:00','0000-00-00 00:00:00'),(57,21101,'21100026','C210000024-070','BOLIGRAFO ROLLER DE TINTA LIQUIDA PIGMENTADA ANTIFRAUDE RESISTENTE AL AGUA Y A LA LUZ VENTANA PARA VER EL DESGASTE DE LA TINTA DISPONIBLE EN COLOR NEGRO','PIEZA',22.50,'NO',1,'0000-00-00 00:00:00','0000-00-00 00:00:00'),(58,21101,'21100026','C210000024-039','BOLIGRAFO TINTA GEL PIGMENTADO BASE AGUA PUNTA SOLIDA RODANTE DE 0.7 MM COLOR NEGRO','PIEZA',6.95,'NO',1,'0000-00-00 00:00:00','0000-00-00 00:00:00'),(59,21601,'21600008','C420000018-011','BOLSA DE PLASTICO P/BASURA COLOR NEGRA DE 40 X 60 CAL.400 PAQUETE CON 5 KILOGRAMOS','PAQUETE',132.61,'NO',1,'0000-00-00 00:00:00','0000-00-00 00:00:00'),(60,21601,'21600008','C420000018-003','BOLSA DE PLASTICO P/BASURA COLOR NEGRA DE 50 X 70 CAL.200 PAQUETE CON 5 KILOGRAMOS.','PAQUETE',160.40,'NO',1,'0000-00-00 00:00:00','0000-00-00 00:00:00'),(61,21601,'21600008','C420000018-004','BOLSA DE PLASTICO P/BASURA COLOR NEGRA DE 60 X 90 CM. CALIBRE 300 PAQUETE CON 5 KILOGRAMOS.','PAQUETE',202.64,'NO',1,'0000-00-00 00:00:00','0000-00-00 00:00:00'),(62,21601,'21600016','C420000166-003','BOMBA P/DESTAPAR WC','PIEZA',9.81,'NO',1,'0000-00-00 00:00:00','0000-00-00 00:00:00'),(63,21101,'21100032','C210000208-002','BROCHES PARA FOLDERS FABRICADOS EN LAMINA ELECTRO GALVANIZADA DOBLES CORREDIZO CAJA CON 50 PZAS. DE 8 CMS.','CAJA',16.92,'NO',1,'0000-00-00 00:00:00','0000-00-00 00:00:00'),(64,21401,'21400019','(C870000028-238)','CABEZA PARA IMPRESORA HP AMARILLO/NEGRO  No. 88 P/IMPRESORA OFFICEJET PROK5400 CODIGO 9381A','PZA.',999.99,'NO',1,'0000-00-00 00:00:00','0000-00-00 00:00:00'),(65,21401,'21400019','(C870000028-239)','CABEZA PARA IMPRESORA HPMAGENTA/  CYAN No. 88 P/IMPRESORA OFFICEJET PRO K5400   CODIGO C9382A','PZA.',999.99,'NO',1,'0000-00-00 00:00:00','0000-00-00 00:00:00'),(66,21401,'21400020','(C870000030-104)','CABEZAL DE IMPRESION  YELLOW C4813A   P/ IMPRESORA H.P. MOD. 2200 / 2250','PZA.',940.00,'NO',1,'0000-00-00 00:00:00','0000-00-00 00:00:00'),(67,21401,'21400020','(C870000030-101)','CABEZAL DE IMPRESION MAGENTA  C4810A  P/ IMPRESORA H.P. MOD. 2200 / 2250','PZA.',940.00,'NO',1,'0000-00-00 00:00:00','0000-00-00 00:00:00'),(68,21401,'21400020','(C870000030-102)','CABEZAL DE IMPRESION MAGENTA  C4811A  P/ IMPRESORA H.P. MOD. 2200 / 2250','PZA.',940.00,'NO',1,'0000-00-00 00:00:00','0000-00-00 00:00:00'),(69,21401,'21400020','(C870000030-103)','CABEZAL DE IMPRESION MAGENTA  C4812A  P/ IMPRESORA H.P. MOD. 2200 / 2250','PZA.',940.00,'NO',1,'0000-00-00 00:00:00','0000-00-00 00:00:00'),(70,29401,'29400017','(C870000052-005)','CABLES USB P/IMPRESORA DE 1.8 MTS','PZA.',24.00,'NO',1,'0000-00-00 00:00:00','0000-00-00 00:00:00'),(71,29401,'29400017','(C870000052-002)','CABLES USB P/IMPRESORA DE 3.0 MTS','PZA.',46.00,'NO',1,'0000-00-00 00:00:00','0000-00-00 00:00:00'),(72,22104,'22100041','C600600012-001','CAFÉ  ORGANICO TOSTADO Y MOLIDO BOLSA DE 500 GRS.','BOLSA',95.00,'NO',1,'0000-00-00 00:00:00','0000-00-00 00:00:00'),(73,22103,'22100041','C600600012-001','CAFÉ  ORGANICO TOSTADO Y MOLIDO BOLSA DE 500 GRS.','BOLSA',95.00,'NO',1,'0000-00-00 00:00:00','0000-00-00 00:00:00'),(74,22104,'22100039','C600600008-008','CAFÉ GOURMET ORGANICO TOSTADO Y MOLIDO BOLSA DE 500 GRS.','BOLSA',100.00,'NO',1,'0000-00-00 00:00:00','0000-00-00 00:00:00'),(75,22103,'22100039','C600600008-008','CAFÉ GOURMET ORGANICO TOSTADO Y MOLIDO BOLSA DE 500 GRS.','BOLSA',100.00,'NO',1,'0000-00-00 00:00:00','0000-00-00 00:00:00'),(76,21101,'NO REGIS.','0000000000-000','CAJA C/6 PINTURAS ACRILICA DIFERENTES COLORES','CAJA',75.00,'NO',1,'0000-00-00 00:00:00','0000-00-00 00:00:00'),(77,21101,'NO REGIS.','0000000000-000','CAJA C/6 PINTURAS VINILICA  DIFERENTES COLORES','CAJA',32.00,'NO',1,'0000-00-00 00:00:00','0000-00-00 00:00:00'),(78,21101,'21100034','C660200002-011','CAJA DE ARCHIVO MUERTO DE PLASTICO C/GRAPA TAMAÑO MIXTO BLANCA C/AREA DE ROTULADO','CAJA',45.00,'NO',1,'0000-00-00 00:00:00','0000-00-00 00:00:00'),(79,21101,'21100034','C660200002-007','CAJA DE ARCHIVO MUERTO TAMAÑO CARTA DE CARTON','PIEZA',15.75,'NO',1,'0000-00-00 00:00:00','0000-00-00 00:00:00'),(80,21101,'21100189','C660200022-005','CALCULADORA  DE ESCRITORIO  PANTALLA 12 DIGITOS GRANDES FUENTE DE PODER DOBLE PANTALLA EN ANGULO TENSION NOMINAL 1.5 V. MOD .DT392','PIEZA',99.50,'NO',1,'0000-00-00 00:00:00','0000-00-00 00:00:00'),(81,21101,'NO REGIS.','0000000000-000','CALCULADORA DE ESCRITORIO PANTALLA DE 12 DIGITOS MOD. DC 1512','PIEZA',56.00,'NO',1,'0000-00-00 00:00:00','0000-00-00 00:00:00'),(82,21101,'NO REGIS.','0000000000-000','CALCULADORA DE ESCRITORIO PANTALLA DE 12 DIGITOS MOD. DT 394','PIEZA',105.00,'NO',1,'0000-00-00 00:00:00','0000-00-00 00:00:00'),(83,21101,'NO REGIS.','0000000000-000','CALCULADORA DE ESCRITORIO PANTALLA DE 12 DIGITOS MOD. DT 396','PIEZA',140.00,'NO',1,'0000-00-00 00:00:00','0000-00-00 00:00:00'),(84,29401,'29400004','(C870000046-004)','CARGADOR CAP. 4 BATERIAS AA / AAA / CON FUENTE DE CORRIENTE PROPIA','PZA.',590.00,'NO',1,'0000-00-00 00:00:00','0000-00-00 00:00:00'),(85,21101,'21100040','C210000032-013','CARPETA BLANCA CON PORTADA TAMAÑO CARTA MECANISMO DE 3  ARGOLLAS TIPO D DE 2.','PIEZA',38.50,'NO',1,'0000-00-00 00:00:00','0000-00-00 00:00:00'),(86,21101,'21100040','C210000032-014','CARPETA BLANCA CON PORTADA TAMAÑO CARTA MECANISMO DE 3 ARGOLLAS TIPO D DE 3.','PIEZA',48.50,'NO',1,'0000-00-00 00:00:00','0000-00-00 00:00:00'),(87,21101,'21100040','C210000032-009','CARPETA BLANCA CON PORTADA TAMAÑO CARTA MECANISMO DE 3 ARGOLLAS TIPO D DE 1.','PIEZA',32.50,'NO',1,'0000-00-00 00:00:00','0000-00-00 00:00:00'),(88,21101,'21100104','C660200010-008','CARPETA CON CUBIERTA FABRICADA EN CARTULINA PRESBOARD NORVAL DE MEDIA CEJA Y BROCHE DE 8 CM T/CARTA C/AMARILLO','PIEZA',5.75,'NO',1,'0000-00-00 00:00:00','0000-00-00 00:00:00'),(89,21101,'21100104','C660200010-011','CARPETA CON CUBIERTA FABRICADA EN CARTULINA PRESBOARD NORVAL DE MEDIA CEJA Y BROCHE DE 8 CM T/CARTA C/ROJO','PIEZA',5.75,'NO',1,'0000-00-00 00:00:00','0000-00-00 00:00:00'),(90,21101,'21100104','C660200010-012','CARPETA CON CUBIERTA FABRICADA EN CARTULINA PRESBOARD NORVAL DE MEDIA CEJA Y BROCHE DE 8 CM T/CARTA VERDE OSCURO','PIEZA',5.75,'NO',1,'0000-00-00 00:00:00','0000-00-00 00:00:00'),(91,21101,'21100040','C210000032-004','CARPETA DE VINIL DE 3 ARGOLLAS 1 1/2 HERRAJE 0 COLOR BLANCA CON PORTADA','PIEZA',29.95,'NO',1,'0000-00-00 00:00:00','0000-00-00 00:00:00'),(92,21101,'21100040','C210000032-002','CARPETA DE VINIL DE 3 ARGOLLAS 1 HERRAJE 0 COLOR BLANCA CON PORTADA','PIEZA',27.00,'NO',1,'0000-00-00 00:00:00','0000-00-00 00:00:00'),(93,21101,'21100040','C210000032-022','CARPETA DE VINIL DE 3 ARGOLLAS 2 HERRAJE 0 COLOR BLANCA CON PORTADA','PIEZA',33.50,'NO',1,'0000-00-00 00:00:00','0000-00-00 00:00:00'),(94,21101,'21100040','C210000032-021','CARPETA DE VINIL DE 3 ARGOLLAS 3 HERRAJE 0 COLOR BLANCA CON PORTADA','PIEZA',47.50,'NO',1,'0000-00-00 00:00:00','0000-00-00 00:00:00'),(95,21101,'21100040','C210000032-001','CARPETA DE VINIL E 3 ARGOLLAS ½  HERRAJE  0 COLOR BLANCA CON PORTADA','PIEZA',26.50,'NO',1,'0000-00-00 00:00:00','0000-00-00 00:00:00'),(96,21101,'21100104','C660200010-076','CARPETA ESPECIAL DE MEDIA CEJA REFORZADA CON PERCALINA Y BROCHE DE 8 CMS. SUAJE CENTRAL DESPRENDIBLE PARA AUMENTAR EL VOLUMEN DE LOS ARCHIVOS C/AZUL Y VERDE','PIEZA',5.75,'NO',1,'0000-00-00 00:00:00','0000-00-00 00:00:00'),(97,21101,'21100104','C660200004-001','CARPETA PARA PRESENTACION FORMALES T/CARTA CON SOLAPAS INTERNAS PARA DOCUMENTOS LAMINADO PLASTICO IDEALES PARA PERSONALIZAR EN SERIGRAFIA CON RANURA PARA TARJETA DE PRESENTACION CD O DISKETTE DIF. COLORES','PIEZA',13.70,'NO',1,'0000-00-00 00:00:00','0000-00-00 00:00:00'),(98,21101,'21100104','C660200010-035','CARPETA TAMAÑO OFICIO COLOR CREMA CORTE GUIA P/BROCHE AL MARGEN ESQUINAS REDONDEADAS DE PAPEL MANILA SATINADO.','PIEZA',0.84,'NO',1,'0000-00-00 00:00:00','0000-00-00 00:00:00'),(99,21101,'21100104','C660200010-074','CARPETA TIPO PRESSBOARD DE CEJA CORRIDA CON CARTON Y SUJETADOR DE PALANCA RECUBRIMIENTO PROTECTOR CONTRA LIQUIDOS TAMAÑO OFICIO COLORES AMARILLO.VERDE.AZUL','PIEZA',12.90,'NO',1,'0000-00-00 00:00:00','0000-00-00 00:00:00'),(100,21101,'21100076','C660200010-015','CARPETAS CON CUBIERTA FABRICADA EN CARTULINA DE MEDIA CEJA Y BROCHE DE 8 CM T/CARTA COLOR AZUL CLARO','PIEZA',5.75,'NO',1,'0000-00-00 00:00:00','0000-00-00 00:00:00'),(101,21101,'21100076','C660200010-013','CARPETAS CON CUBIERTA FABRICADA EN CARTULINA DE MEDIA CEJA Y BROCHE DE 8 CM T/CARTA COLOR AZUL REY','PIEZA',17.52,'NO',1,'0000-00-00 00:00:00','0000-00-00 00:00:00'),(102,21101,'21100076','C660200010-020','CARPETAS CON CUBIERTA FABRICADA EN CARTULINA DE MEDIA CEJA Y BROCHE DE 8 CM T/OFICIO COLOR AMARILLO','PIEZA',6.35,'NO',1,'0000-00-00 00:00:00','0000-00-00 00:00:00'),(103,21101,'21100076','C660200010-029','CARPETAS CON CUBIERTA FABRICADA EN CARTULINA DE MEDIA CEJA Y BROCHE DE 8 CM T/OFICIO COLOR AZUL CLARO','PIEZA',6.35,'NO',1,'0000-00-00 00:00:00','0000-00-00 00:00:00'),(104,21101,'21100076','C660200010-028','CARPETAS CON CUBIERTA FABRICADA EN CARTULINA DE MEDIA CEJA Y BROCHE DE 8 CM T/OFICIO COLOR AZUL REY','PIEZA',6.35,'NO',1,'0000-00-00 00:00:00','0000-00-00 00:00:00'),(105,21101,'21100076','C660200010-030','CARPETAS CON CUBIERTA FABRICADA EN CARTULINA DE MEDIA CEJA Y BROCHE DE 8 CM T/OFICIO COLOR ROJO','PIEZA',6.35,'NO',1,'0000-00-00 00:00:00','0000-00-00 00:00:00'),(106,21101,'21100076','C660200010-031','CARPETAS CON CUBIERTA FABRICADA EN CARTULINA DE MEDIA CEJA Y BROCHE DE 8 CM T/OFICIO COLOR VERDE OSCURO','PIEZA',6.35,'NO',1,'0000-00-00 00:00:00','0000-00-00 00:00:00'),(107,21101,'21100104','C660200010-014','CARPETAS PRESBOARD T/CARTA COLOR AMARILLO CON PALANCA','PIEZA',12.30,'NO',1,'0000-00-00 00:00:00','0000-00-00 00:00:00'),(108,21101,'21100104','C660200010-019','CARPETAS PRESBOARD T/CARTA COLOR AZUL CLARO CON PALANCA','PIEZA',12.30,'NO',1,'0000-00-00 00:00:00','0000-00-00 00:00:00'),(109,21101,'NO REGIS.','0000000000-000','CARPETAS PRESBOARD T/CARTA COLOR AZUL REY CON PALANCA','PIEZA',12.30,'NO',1,'0000-00-00 00:00:00','0000-00-00 00:00:00'),(110,21101,'21100104','C660200010-016','CARPETAS PRESBOARD T/CARTA COLOR CAOBA CON PALANCA','PIEZA',12.30,'NO',1,'0000-00-00 00:00:00','0000-00-00 00:00:00'),(111,21101,'21100104','C660200010-018','CARPETAS PRESBOARD T/CARTA COLOR ROJO CON PALANCA','PIEZA',12.30,'NO',1,'0000-00-00 00:00:00','0000-00-00 00:00:00'),(112,21101,'21100104','C660200010-012','CARPETAS PRESBOARD T/CARTA COLOR VERDE OBSCURO CON PALANCA','PIEZA',12.30,'NO',1,'0000-00-00 00:00:00','0000-00-00 00:00:00'),(113,21101,'21100104','C660200010-022','CARPETAS PRESBOARD T/OFICIO COLOR AMARILLO CON PALANCA','PIEZA',12.90,'NO',1,'0000-00-00 00:00:00','0000-00-00 00:00:00'),(114,21101,'21100104','C660200010-026','CARPETAS PRESBOARD T/OFICIO COLOR ROJO CON PALANCA','PIEZA',12.90,'NO',1,'0000-00-00 00:00:00','0000-00-00 00:00:00'),(115,21101,'NO REGIS.','0000000000-000','CARPETAS PRESBOARD T/OFICIO COLOR VERDE CLARO CON PALANCA','PIEZA',12.90,'NO',1,'0000-00-00 00:00:00','0000-00-00 00:00:00'),(116,21101,'21100104','C660200010-027','CARPETAS PRESBOARD T/OFICIO COLOR VERDE OSCURO CON PALANCA','PIEZA',12.90,'NO',1,'0000-00-00 00:00:00','0000-00-00 00:00:00'),(117,21401,'21400019','(C870000028-522)','CARTUCHO  DE  TINTA C4906A NEGRO P/IMPRESORA HP OFFICEJET PRO 8500','PZA.',934.00,'NO',1,'0000-00-00 00:00:00','0000-00-00 00:00:00'),(118,21401,'21400019','(C870000028-523)','CARTUCHO  DE  TINTA C4907A  CYAN P/IMPRESORA HP OFFICEJET PRO 8500','PZA.',625.00,'NO',1,'0000-00-00 00:00:00','0000-00-00 00:00:00'),(119,21401,'21400019','(C870000028-519)','CARTUCHO  DE TINTA  CIAN 51640C P/ IMPRESORA H.P. MOD. 1200','PZA.',805.00,'NO',1,'0000-00-00 00:00:00','0000-00-00 00:00:00'),(120,21401,'21400019','(C870000028-312)','CARTUCHO  DE TINTA  CIAN C 9385A P/ IMPRESORA H.P. MOD. 5400/K550','PZA.',601.00,'NO',1,'0000-00-00 00:00:00','0000-00-00 00:00:00'),(121,21401,'21400019','(C870000028-313)','CARTUCHO  DE TINTA  CIAN C 9386A P/ IMPRESORA H.P. MOD. 5400/K550','PZA.',451.00,'NO',1,'0000-00-00 00:00:00','0000-00-00 00:00:00'),(122,21401,'21400019','(C870000028-520)','CARTUCHO  DE TINTA  MAGENTA 51640M  P/ IMPRESORA H.P. MOD. 1200','PZA.',805.00,'NO',1,'0000-00-00 00:00:00','0000-00-00 00:00:00'),(123,21401,'21400019','(C870000028-315)','CARTUCHO  DE TINTA  MAGENTA C9387A  P/ IMPRESORA H.P. MOD.5400/K550','PZA.',451.00,'NO',1,'0000-00-00 00:00:00','0000-00-00 00:00:00'),(124,21401,'21400019','(C870000028-518)','CARTUCHO  DE TINTA NEGRO 51640A  P/ IMPRESORA H.P. MOD. 1200','PZA.',805.00,'NO',1,'0000-00-00 00:00:00','0000-00-00 00:00:00'),(125,21401,'21400019','(C870000028-521)','CARTUCHO  DE TINTA YELLOW 51640Y  P/ IMPRESORA H.P. MOD. 1200','PZA.',805.00,'NO',1,'0000-00-00 00:00:00','0000-00-00 00:00:00'),(126,21401,'21400019','(C870000028-314)','CARTUCHO  DE TINTA YELLOW C9388-A  P/ IMPRESORA H.P. MOD. 5400/K550','PZA.',451.00,'NO',1,'0000-00-00 00:00:00','0000-00-00 00:00:00'),(127,21401,'21400019','(C870000028-524)','CARTUCHO  PARA IMPRESORA HP  OFFICEJET PRO 8000/8500 No. DE PARTE C4908AL (940) MAGENTA','PZA.',625.00,'NO',1,'0000-00-00 00:00:00','0000-00-00 00:00:00'),(128,21401,'21400019','(C870000028-525)','CARTUCHO  PARA IMPRESORA HP  OFFICEJET PRO 8000/8500 No. DE PARTE C4909AL(940) AMARILLO','PZA.',625.00,'NO',1,'0000-00-00 00:00:00','0000-00-00 00:00:00'),(129,21401,'21400019','(C870000028-817)','CARTUCHO CANON 120','PZA.',999.99,'NO',1,'0000-00-00 00:00:00','0000-00-00 00:00:00'),(130,21401,'21400019','(C870000028-621)','CARTUCHO DE TINTA  A COLOR C6578D  P/ IMPRESORA H.P. MOD.930-C /9300','PZA.',985.00,'NO',1,'0000-00-00 00:00:00','0000-00-00 00:00:00'),(131,21401,'21400019','(C870000028-324)','CARTUCHO DE TINTA  CIAN C4911A P/PLOTTER  H.P. MOD.500','PZA.',998.00,'NO',1,'0000-00-00 00:00:00','0000-00-00 00:00:00'),(132,21401,'21400019','(C870000028-540)','CARTUCHO DE TINTA  COLOR C6625A  P/ IMPRESORA H.P. MOD. 840C','PZA.',937.00,'NO',1,'0000-00-00 00:00:00','0000-00-00 00:00:00'),(133,21401,'21400019','(C870000028-024)','CARTUCHO DE TINTA  MAGENTA C4912A P/PLOTTER  H.P. MOD.500','PZA.',998.00,'NO',1,'0000-00-00 00:00:00','0000-00-00 00:00:00'),(134,21401,'21400019','(C870000028-595)','CARTUCHO DE TINTA  PGI-9  MAGENTA P/IMPRESORA CANON MOD. PIXMA IP1900 / PRO 9500','PZA.',999.99,'NO',1,'0000-00-00 00:00:00','0000-00-00 00:00:00'),(135,21401,'21400019','(C870000028-596)','CARTUCHO DE TINTA  PGI-9 AMARILLO P/IMPRESORA  CANON MOD. PIXMA IP1900 /PRO 9500','PZA.',999.99,'NO',1,'0000-00-00 00:00:00','0000-00-00 00:00:00'),(136,21401,'21400019','(C870000028-669)','CARTUCHO DE TINTA  YELLOW  T073420AL P/  IMPRESORA EPSON C79/CX3900/CX5900/TX200','PZA.',250.00,'NO',1,'0000-00-00 00:00:00','0000-00-00 00:00:00'),(137,21401,'21400019','(C870000028-060)','CARTUCHO DE TINTA  YELLOW T047420   P/ IMPRESORA EPSON MOD. C83/C85','PZA.',251.00,'NO',1,'0000-00-00 00:00:00','0000-00-00 00:00:00'),(138,21401,'21400020','(C870000030-112)','CARTUCHO DE TINTA 932XL NEGRO P/IMPRESORA H.P. 7110','PZA.',743.00,'NO',1,'0000-00-00 00:00:00','0000-00-00 00:00:00'),(139,21401,'21400020','(C870000030-114)','CARTUCHO DE TINTA 933XL CYAN P/IMPRESORA H.P. 7110','PZA.',380.00,'NO',1,'0000-00-00 00:00:00','0000-00-00 00:00:00'),(140,21401,'21400020','(C870000030-115)','CARTUCHO DE TINTA 933XL MAGENTA P/IMPRESORA H.P. 7110','PZA.',380.00,'NO',1,'0000-00-00 00:00:00','0000-00-00 00:00:00'),(141,21401,'21400020','(C870000030-113)','CARTUCHO DE TINTA 933XL YELLOWP/IMPRESORA H.P. 7110','PZA.',380.00,'NO',1,'0000-00-00 00:00:00','0000-00-00 00:00:00'),(142,21401,'21400019','(C870000028-092)','CARTUCHO DE TINTA A COLOR MOD. C9352AL P/ IMPRESORA HP DESKJET MOD..1410/F4180','PZA.',519.00,'NO',1,'0000-00-00 00:00:00','0000-00-00 00:00:00'),(143,21401,'21400019','(C870000028-088)','CARTUCHO DE TINTA A COLOR MOD. C9363WL P/ IMPRESORA HP DESKJET MOD..6540/6940','PZA.',940.00,'NO',1,'0000-00-00 00:00:00','0000-00-00 00:00:00'),(144,21401,'21400019','(C870000028-246)','CARTUCHO DE TINTA A NEGRO MOD. C8767WL P/ IMPRESORA HP DESKJET MOD..6540/6940','PZA.',830.00,'NO',1,'0000-00-00 00:00:00','0000-00-00 00:00:00'),(145,21401,'21400019','(C870000028-544)','CARTUCHO DE TINTA C6614D P/IMPRESORA HP DESKJET MODELO 640C','PZA.',854.00,'NO',1,'0000-00-00 00:00:00','0000-00-00 00:00:00'),(146,21401,'21400019','(0000000000-000)','CARTUCHO DE TINTA C9396A NEGRO  MATEP/IMPRESORA PLOTTER HP DESIGNJET T1120','PZA.',999.99,'NO',1,'0000-00-00 00:00:00','0000-00-00 00:00:00'),(147,21401,'21400019','(0000000000-000)','CARTUCHO DE TINTA C9397A NEGRO P/IMPRESORA PLOTTER HP DESIGNJET T1120','PZA.',999.99,'NO',1,'0000-00-00 00:00:00','0000-00-00 00:00:00'),(148,21401,'21400019','(C870000028-547)','CARTUCHO DE TINTA C9397A NEGRO P/IMPRESORA PLOTTER HP DESIGNJET T1120','PZA.',999.99,'NO',1,'0000-00-00 00:00:00','0000-00-00 00:00:00'),(149,21401,'21400019','(0000000000-000)','CARTUCHO DE TINTA C9398A CYAN P/IMPRESORA PLOTTER HP DESIGNJET T1120','PZA.',999.99,'NO',1,'0000-00-00 00:00:00','0000-00-00 00:00:00'),(150,21401,'21400019','(C870000028-548)','CARTUCHO DE TINTA C9398A CYAN P/IMPRESORA PLOTTER HP DESIGNJET T1120','PZA.',999.99,'NO',1,'0000-00-00 00:00:00','0000-00-00 00:00:00'),(151,21401,'21400019','(C870000028-526)','CARTUCHO DE TINTA C9399A MAGENTA P/IMPRESORA PLOTTER HP DESIGNJET T1120','PZA.',999.99,'NO',1,'0000-00-00 00:00:00','0000-00-00 00:00:00'),(152,21401,'21400019','(C870000028-527)','CARTUCHO DE TINTA C9400A YELLOW P/IMPRESORA PLOTTER HP DESIGNJET T1120','PZA.',999.99,'NO',1,'0000-00-00 00:00:00','0000-00-00 00:00:00'),(153,21401,'21400019','(C870000028-528)','CARTUCHO DE TINTA C9401A GRIS P/IMPRESORA PLOTTER HP DESIGNJET T1120','PZA.',999.99,'NO',1,'0000-00-00 00:00:00','0000-00-00 00:00:00'),(154,21401,'21400019','(C870000028-551)','CARTUCHO DE TINTA CC640W PARA IMPRESORA HP DESKJET F4480','PZA.',411.00,'NO',1,'0000-00-00 00:00:00','0000-00-00 00:00:00'),(155,21401,'21400019','(C870000028-552)','CARTUCHO DE TINTA CC643W PARA IMPRESORA HP DESKJET F4480','PZA.',500.00,'NO',1,'0000-00-00 00:00:00','0000-00-00 00:00:00'),(156,21401,'21400019','(C870000028-529)','CARTUCHO DE TINTA CD971A  NEGRO P/IMPRESORA HP OFFICEJET 6000-','PZA.',487.00,'NO',1,'0000-00-00 00:00:00','0000-00-00 00:00:00'),(157,21401,'21400019','(C870000028-530)','CARTUCHO DE TINTA CD972A CYAN P/IMPRESORA HP OFFICEJET 6000-','PZA.',388.00,'NO',1,'0000-00-00 00:00:00','0000-00-00 00:00:00'),(158,21401,'21400019','(C870000028-531)','CARTUCHO DE TINTA CD973A MAGENTA P/IMPRESORA HP OFFICEJET 6000-','PZA.',388.00,'NO',1,'0000-00-00 00:00:00','0000-00-00 00:00:00'),(159,21401,'21400019','(C870000028-532)','CARTUCHO DE TINTA CD974A YELLOW P/IMPRESORA HP OFFICEJET 6000-','PZA.',388.00,'NO',1,'0000-00-00 00:00:00','0000-00-00 00:00:00'),(160,21401,'21400019','(C870000028-553)','CARTUCHO DE TINTA CH561-HL NEGRO P/IMPRESORA HP DESKJET 1000/3000/3050','PZA.',235.00,'NO',1,'0000-00-00 00:00:00','0000-00-00 00:00:00'),(161,21401,'21400019','(C870000028-004)','CARTUCHO DE TINTA CIAN 51644C P/ PLOTTER  H.P. MOD. 750C','PZA.',650.00,'NO',1,'0000-00-00 00:00:00','0000-00-00 00:00:00'),(162,21401,'21400019','(C870000028-609)','CARTUCHO DE TINTA CIAN T042220 P/ IMPRESORA EPSON MOD. C82/CX5400','PZA.',258.00,'NO',1,'0000-00-00 00:00:00','0000-00-00 00:00:00'),(163,21401,'21400019','(C870000028-064)','CARTUCHO DE TINTA CIAN T063220 P/IMPRESORA EPSON MOD. C-87','PZA.',250.00,'NO',1,'0000-00-00 00:00:00','0000-00-00 00:00:00'),(164,21401,'21400019','(C870000028-064)','CARTUCHO DE TINTA CIAN T063220 P/IMPRESORA EPSON MOD. C-87','PZA.',250.00,'NO',1,'0000-00-00 00:00:00','0000-00-00 00:00:00'),(165,21401,'21400019','(C870000028-668)','CARTUCHO DE TINTA CIAN T073220AL P/ IMPRESORA EPSON MOD. C-79/CX3900/CX5900/TX200','PZA.',250.00,'NO',1,'0000-00-00 00:00:00','0000-00-00 00:00:00'),(166,21401,'21400019','(C870000028-665)','CARTUCHO DE TINTA CN049 BLACK P/IMPRESORA HP OFFICE PRO 8600-','PZA.',585.00,'NO',1,'0000-00-00 00:00:00','0000-00-00 00:00:00'),(167,21401,'21400019','(C870000028-662)','CARTUCHO DE TINTA CN050 CYAN P/IMPRESORA HP OFFICE PRO 8600-','PZA.',433.00,'NO',1,'0000-00-00 00:00:00','0000-00-00 00:00:00'),(168,21401,'21400019','(C870000028-663)','CARTUCHO DE TINTA CN051 MAGENTA P/IMPRESORA HP OFFICE PRO 8600-','PZA.',433.00,'NO',1,'0000-00-00 00:00:00','0000-00-00 00:00:00'),(169,21401,'21400019','(C870000028-664)','CARTUCHO DE TINTA CN052 YELLOW P/IMPRESORA HP OFFICE PRO 8600-','PZA.',433.00,'NO',1,'0000-00-00 00:00:00','0000-00-00 00:00:00'),(170,21401,'NO','(0000000000-000)','CARTUCHO DE TINTA CN629-A MAGENTA P/PLOTTER H.P. 25200','PZA.',999.99,'NO',1,'0000-00-00 00:00:00','0000-00-00 00:00:00'),(171,21401,'NO','(0000000000-000)','CARTUCHO DE TINTA CN630-A YELLOW  P/PLOTTER H.P. 25200','PZA.',999.99,'NO',1,'0000-00-00 00:00:00','0000-00-00 00:00:00'),(172,21401,'NO','(0000000000-000)','CARTUCHO DE TINTA CN631-A  MAGENTA P/PLOTTER H.P. 25200','PZA.',999.99,'NO',1,'0000-00-00 00:00:00','0000-00-00 00:00:00'),(173,21401,'NO','(0000000000-000)','CARTUCHO DE TINTA CN632-A  CYAN P/PLOTTER H.P. 25200','PZA.',999.99,'NO',1,'0000-00-00 00:00:00','0000-00-00 00:00:00'),(174,21401,'NO','(0000000000-000)','CARTUCHO DE TINTA CN633-A  NEGRO P/PLOTTER H.P. 25200','PZA.',999.99,'NO',1,'0000-00-00 00:00:00','0000-00-00 00:00:00'),(175,21401,'NO','(0000000000-000)','CARTUCHO DE TINTA CN634-A  GRIS P/PLOTTER H.P. 25200','PZA.',999.99,'NO',1,'0000-00-00 00:00:00','0000-00-00 00:00:00'),(176,21401,'21400019','(C870000028-554)','CARTUCHO DE TINTA CN690-ANEGRO P/IMPRESORA HP DESKJET MOD. 4000/4400','PZA.',331.00,'NO',1,'0000-00-00 00:00:00','0000-00-00 00:00:00'),(177,21401,'21400019','(C870000028-543)','CARTUCHO DE TINTA COLOR C1823D  P/ IMPRESORA H.P. MOD. 710C','PZA.',900.00,'NO',1,'0000-00-00 00:00:00','0000-00-00 00:00:00'),(178,21401,'21400019','(C870000028-380)','CARTUCHO DE TINTA COLOR C6656AL P/IMPRESORA HP MOD. 5650','PZA.',692.00,'NO',1,'0000-00-00 00:00:00','0000-00-00 00:00:00'),(179,21401,'21400019','(C870000028-342)','CARTUCHO DE TINTA COLOR CB337WL P/ IMPRESORA H.P. MOD. D4250/C5280','PZA.',405.00,'NO',1,'0000-00-00 00:00:00','0000-00-00 00:00:00'),(180,21401,'21400019','(C870000028-607)','CARTUCHO DE TINTA COLOR T041020 P/ IMPRESORA EPSON MOD. C-62/CX3200','PZA.',250.00,'NO',1,'0000-00-00 00:00:00','0000-00-00 00:00:00'),(181,21401,'21400019','(C870000028-608)','CARTUCHO DE TINTA CYAN T047220  P/ IMPRESORA EPSON MOD. C83/C85','PZA.',251.00,'NO',1,'0000-00-00 00:00:00','0000-00-00 00:00:00'),(182,21401,'NO','(0000000000-000)','CARTUCHO DE TINTA EPSON COD. T664120 P/IMP.L.','PZA.',161.00,'NO',1,'0000-00-00 00:00:00','0000-00-00 00:00:00'),(183,21401,'NO','(0000000000-000)','CARTUCHO DE TINTA EPSON COD. T664220 P/IMP.L.','PZA.',161.00,'NO',1,'0000-00-00 00:00:00','0000-00-00 00:00:00'),(184,21401,'NO','(0000000000-000)','CARTUCHO DE TINTA EPSON COD. T664320 P/IMP.L.','PZA.',161.00,'NO',1,'0000-00-00 00:00:00','0000-00-00 00:00:00'),(185,21401,'NO','(0000000000-000)','CARTUCHO DE TINTA EPSON COD. T664420 P/IMP.L.','PZA.',161.00,'NO',1,'0000-00-00 00:00:00','0000-00-00 00:00:00'),(186,21401,'21400019','(C870000028-617)','CARTUCHO DE TINTA EPSON MOD. T138126 P/IMPRESORATX525-F','PZA.',670.00,'NO',1,'0000-00-00 00:00:00','0000-00-00 00:00:00'),(187,21401,'21400019','(C870000028-615)','CARTUCHO DE TINTA EPSON MOD. T140220CIAN P/IMPRESORATX525-F','PZA.',356.00,'NO',1,'0000-00-00 00:00:00','0000-00-00 00:00:00'),(188,21401,'21400019','(C870000028-431)','CARTUCHO DE TINTA EPSON MOD. T140320MAGENTA P/IMPRESORATX525-F','PZA.',356.00,'NO',1,'0000-00-00 00:00:00','0000-00-00 00:00:00'),(189,21401,'21400019','(C870000028-616)','CARTUCHO DE TINTA EPSON MOD. T140420AMARILLO P/IMPRESORATX525-F','PZA.',356.00,'NO',1,'0000-00-00 00:00:00','0000-00-00 00:00:00'),(190,21401,'21400019','(C870000028-005)','CARTUCHO DE TINTA MAGENTA  51644M  P/ PLOTTER  H.P. MOD. 750C','PZA.',650.00,'NO',1,'0000-00-00 00:00:00','0000-00-00 00:00:00'),(191,21401,'21400019','(C870000028-610)','CARTUCHO DE TINTA MAGENTA T042320 P/ IMPRESORA EPSON MOD. C82/CX5400','PZA.',258.00,'NO',1,'0000-00-00 00:00:00','0000-00-00 00:00:00'),(192,21401,'21400019','(C870000028-059)','CARTUCHO DE TINTA MAGENTA T047320  P/ IMPRESORA EPSON MOD. C83/C85','PZA.',251.00,'NO',1,'0000-00-00 00:00:00','0000-00-00 00:00:00'),(193,21401,'21400019','(C870000028-066)','CARTUCHO DE TINTA MAGENTA T063320 P/IMPRESORA EPSON MOD. C-87','PZA.',250.00,'NO',1,'0000-00-00 00:00:00','0000-00-00 00:00:00'),(194,21401,'21400019','(C870000028-066)','CARTUCHO DE TINTA MAGENTA T063320 P/IMPRESORA EPSON MOD. C-87','PZA.',250.00,'NO',1,'0000-00-00 00:00:00','0000-00-00 00:00:00'),(195,21401,'21400019','(C870000028-230)','CARTUCHO DE TINTA NEGRO 51645A P/ IMPRESORA H.P.  DESINJET S / 800/ 9300','PZA.',908.00,'NO',1,'0000-00-00 00:00:00','0000-00-00 00:00:00'),(196,21401,'21400019','(C870000028-322)','CARTUCHO DE TINTA NEGRO C4844A P/PLOTTER  H.P. MOD.500 / 2500C','PZA.',805.00,'NO',1,'0000-00-00 00:00:00','0000-00-00 00:00:00'),(197,21401,'21400019','(C870000028-550)','CARTUCHO DE TINTA NEGRO C6615-D  P/ IMPRESORA H.P. MOD. 840C','PZA.',720.00,'NO',1,'0000-00-00 00:00:00','0000-00-00 00:00:00'),(198,21401,'21400019','(C870000028-341)','CARTUCHO DE TINTA NEGRO CB335WL P/ IMPRESORA H.P. MOD. D4250/C5280','PZA.',312.00,'NO',1,'0000-00-00 00:00:00','0000-00-00 00:00:00'),(199,21401,'21400019','(C870000028-549)','CARTUCHO DE TINTA NEGRO CC635-A P/ FAX  H.P. MOD. 640','PZA.',895.00,'NO',1,'0000-00-00 00:00:00','0000-00-00 00:00:00'),(200,21401,'21400019','(C870000028-091)','CARTUCHO DE TINTA NEGRO MOD. C9351AL P/ IMPRESORA HP DESKJET MOD.1410/F4180','PZA.',365.00,'NO',1,'0000-00-00 00:00:00','0000-00-00 00:00:00'),(201,21401,'21400019','(C870000028-071)','CARTUCHO DE TINTA NEGRO T063120 P/IMPRESORA EPSON MOD. C-87','PZA.',250.00,'NO',1,'0000-00-00 00:00:00','0000-00-00 00:00:00'),(202,21401,'21400019','(C870000028-071)','CARTUCHO DE TINTA NEGRO T063120 P/IMPRESORA EPSON MOD. C-87','PZA.',250.00,'NO',1,'0000-00-00 00:00:00','0000-00-00 00:00:00'),(203,21401,'21400019','(C870000028-741)','CARTUCHO DE TINTA NEGRO T072126AL P/  IMPRESORA EPSON SERIES-C110','PZA.',490.00,'NO',1,'0000-00-00 00:00:00','0000-00-00 00:00:00'),(204,21401,'21400019','(C870000028-027)','CARTUCHO DE TINTA P/IMPRESORA HP 3650 LASERJET No. 28 C8728A','PZA.',404.00,'NO',1,'0000-00-00 00:00:00','0000-00-00 00:00:00'),(205,21401,'21400019','(C870000028-666)','CARTUCHO DE TINTA PARA IMPRESORA EPSON T073120 COLOR NEGRO','PZA.',250.00,'NO',1,'0000-00-00 00:00:00','0000-00-00 00:00:00'),(206,21401,'21400019','(C870000028-347)','CARTUCHO DE TINTA PARA PLOTTER HP LASERJET DESIGNJET T610 No. DE PARTE C9403A NEGRO MATE','PZA.',999.99,'NO',1,'0000-00-00 00:00:00','0000-00-00 00:00:00'),(207,21401,'21400019','(C870000028-308)','CARTUCHO DE TINTA PG-40 NEGRO P/IMPRESORA CANON MOD. PIXMA IP1600','PZA.',389.00,'NO',1,'0000-00-00 00:00:00','0000-00-00 00:00:00'),(208,21401,'21400019','(C870000028-603)','CARTUCHO DE TINTA T032120 NEGRO P/ IMPRESORA EPSON STYLUS T22','PZA.',250.00,'NO',1,'0000-00-00 00:00:00','0000-00-00 00:00:00'),(209,21401,'21400019','(C870000028-640)','CARTUCHO DE TINTA T032220 NEGRO P/ IMPRESORA EPSON STYLUS T22','PZA.',250.00,'NO',1,'0000-00-00 00:00:00','0000-00-00 00:00:00'),(210,21401,'21400019','(C870000028-605)','CARTUCHO DE TINTA T032320 NEGRO P/ IMPRESORA EPSON STYLUS T22','PZA.',250.00,'NO',1,'0000-00-00 00:00:00','0000-00-00 00:00:00'),(211,21401,'21400019','(C870000028-606)','CARTUCHO DE TINTA T032420 NEGRO P/ IMPRESORA EPSON STYLUS T22','PZA.',250.00,'NO',1,'0000-00-00 00:00:00','0000-00-00 00:00:00'),(212,21401,'21400019','(C870000028-361)','CARTUCHO DE TINTA T103220 CYAN P/IMPRESORA EPSON MOD. T1110','PZA.',351.00,'NO',1,'0000-00-00 00:00:00','0000-00-00 00:00:00'),(213,21401,'21400019','(C870000028-362)','CARTUCHO DE TINTA T103320P/IMPRESORA EPSON MOD. T1110','PZA.',351.00,'NO',1,'0000-00-00 00:00:00','0000-00-00 00:00:00'),(214,21401,'21400019','(C870000028-363)','CARTUCHO DE TINTA T103420 NEGRO P/IMPRESORA EPSON MOD. T1110','PZA.',351.00,'NO',1,'0000-00-00 00:00:00','0000-00-00 00:00:00'),(215,21401,'21400019','(C870000028-676)','CARTUCHO DE TINTA T115126 NEGRO P/IMPRESORA EPSON MOD. T1110','PZA.',605.00,'NO',1,'0000-00-00 00:00:00','0000-00-00 00:00:00'),(216,21401,'21400019','(C870000028-078)','CARTUCHO DE TINTA T133220AL CYAN P/ IMPRESORA EPSON STYLUS T22','PZA.',289.00,'NO',1,'0000-00-00 00:00:00','0000-00-00 00:00:00'),(217,21401,'21400019','(C870000028-079)','CARTUCHO DE TINTA T133320AL MAGENTA P/ IMPRESORA EPSON STYLUS T22','PZA.',289.00,'NO',1,'0000-00-00 00:00:00','0000-00-00 00:00:00'),(218,21401,'21400019','(C870000028-077)','CARTUCHO DE TINTA T133420AL YELOWP/ IMPRESORA EPSON STYLUS T22','PZA.',289.00,'NO',1,'0000-00-00 00:00:00','0000-00-00 00:00:00'),(219,21401,'21400019','(C870000028-381)','CARTUCHO DE TINTA TRICOLOR C6657AL P/IMPRESORA HP MOD. 5650','PZA.',999.99,'NO',1,'0000-00-00 00:00:00','0000-00-00 00:00:00'),(220,21401,'21400019','(C870000028-022)','CARTUCHO DE TINTA YELLOW  C4913A P/PLOTTER  H.P. MOD.500','PZA.',998.00,'NO',1,'0000-00-00 00:00:00','0000-00-00 00:00:00'),(221,21401,'21400019','(C870000028-003)','CARTUCHO DE TINTA YELLOW 51644Y PLOTTER  H.P. MOD. 750C','PZA.',650.00,'NO',1,'0000-00-00 00:00:00','0000-00-00 00:00:00'),(222,21401,'21400019','(C870000028-611)','CARTUCHO DE TINTA YELLOW T042420 P/ IMPRESORA EPSON MOD. C82/CX2400','PZA.',258.00,'NO',1,'0000-00-00 00:00:00','0000-00-00 00:00:00'),(223,21401,'21400019','(C870000028-062)','CARTUCHO DE TINTA YELLOW T063420 P/IMPRESORA EPSON MOD. C-87','PZA.',250.00,'NO',1,'0000-00-00 00:00:00','0000-00-00 00:00:00'),(224,21401,'21400019','(C870000028-062)','CARTUCHO DE TINTA YELLOW T063420 P/IMPRESORA EPSON MOD. C-87','PZA.',250.00,'NO',1,'0000-00-00 00:00:00','0000-00-00 00:00:00'),(225,21401,'21400019','(C870000028-152)','CARTUCHO LASER JET HP 3015 TONER CE255A','PZA.',999.99,'NO',1,'0000-00-00 00:00:00','0000-00-00 00:00:00'),(226,21401,'NO','(0000000000-000)','CARTUCHO LEXMARK COD. 64018S ALTO RENDIMIENTO','PZA.',999.99,'NO',1,'0000-00-00 00:00:00','0000-00-00 00:00:00'),(227,21401,'21400019','(C870000028-309)','CARTUCHO P/ IMPRESORA CANON PIXMA CL-41 COLOR','PZA.',519.00,'NO',1,'0000-00-00 00:00:00','0000-00-00 00:00:00'),(228,21401,'21400020','(C870000030-111)','CARTUCHO P/IMPRESORA CANON PIXMAN IP 1900 CL-31 COLOR','PZA.',416.00,'NO',1,'0000-00-00 00:00:00','0000-00-00 00:00:00'),(229,21401,'21400020','(C870000030-110)','CARTUCHO P/IMPRESORA CANON PIXMAN IP 1900 PG-30 NEGRO','PZA.',316.00,'NO',1,'0000-00-00 00:00:00','0000-00-00 00:00:00'),(230,21401,'21400019','(C870000028-019)','CARTUCHO P/IMPRESORA MULTIFUNCIONAL HP LASERJET 3015 Q2612A','PZA.',999.99,'NO',1,'0000-00-00 00:00:00','0000-00-00 00:00:00'),(231,21401,'21400019','(C870000028-142)','CARTUCHO P/IMPRESORA MULTIFUNCIONAL HP LASERJET P2035 CE505A','PZA.',999.99,'NO',1,'0000-00-00 00:00:00','0000-00-00 00:00:00'),(232,21401,'21400019','(C870000028-353)','CARTUCHO PARA IMPRESORA CANON PIXMA MX360 NEGRO PG-210','PZA.',416.00,'NO',1,'0000-00-00 00:00:00','0000-00-00 00:00:00'),(233,21401,'21400019','(C870000028-834)','CARTUCHO PARA IMPRESORA CANON PIXMA MX360 No. PARTE CL-211 COLOR','PZA.',511.00,'NO',1,'0000-00-00 00:00:00','0000-00-00 00:00:00'),(234,21401,'21400019','(C870000028-006)','CARTUCHO PARA IMPRESORA DE INYECCION DE TINTA HP DESK JET 2200 (AMARILLO) C4838A','PZA.',805.00,'NO',1,'0000-00-00 00:00:00','0000-00-00 00:00:00'),(235,21401,'21400019','(C870000028-007)','CARTUCHO PARA IMPRESORA DE INYECCION DE TINTA HP DESK JET 2200 (AZUL) No. PARTE C4836A','PZA.',805.00,'NO',1,'0000-00-00 00:00:00','0000-00-00 00:00:00'),(236,21401,'21400019','(C870000028-008)','CARTUCHO PARA IMPRESORA DE INYECCION DE TINTA HP DESK JET 2200 (MAGENTA) No. PARTE C4837A','PZA.',805.00,'NO',1,'0000-00-00 00:00:00','0000-00-00 00:00:00'),(237,21401,'21400019','(C870000028-667)','CARTUCHO PARA IMPRESORA EPSON STYLUS T30 (No. DE PARTE T073320 MAGENTA','PZA.',250.00,'NO',1,'0000-00-00 00:00:00','0000-00-00 00:00:00'),(238,21401,'21400019','(C870000028-114)','CARTUCHO PARA IMPRESORA HP COLOR LASERJET 2600N AMARILLO Q6002A','PZA.',999.99,'NO',1,'0000-00-00 00:00:00','0000-00-00 00:00:00'),(239,21401,'21400019','(C870000028-028)','CARTUCHO PARA IMPRESORA HP DESKJET 3650 C8727AL NEGRO','PZA.',515.00,'NO',1,'0000-00-00 00:00:00','0000-00-00 00:00:00'),(240,21401,'21400019','(C870000028-815)','CARTUCHO TONER CANON NEGRO CARTDRIGE 128 PARA CANON','PZA.',999.99,'NO',1,'0000-00-00 00:00:00','0000-00-00 00:00:00'),(241,21101,'21100048','C660400012-002','CARTULINA BRISTOL EN DIVERSOS COLORES DE .50X.65 CMS.','PIEZA',1.85,'NO',1,'0000-00-00 00:00:00','0000-00-00 00:00:00'),(242,21101,'21100104','C660400012-003','CARTULINA CAPLE 75 X 1.20 MTS.','PLIEGO',4.95,'NO',1,'0000-00-00 00:00:00','0000-00-00 00:00:00'),(243,21101,'21100104','C660400012-005','CARTULINA CAPLE 90X125','PLIEGO',16.50,'NO',1,'0000-00-00 00:00:00','0000-00-00 00:00:00'),(244,21101,'21100104','C660400014-001','CARTULINA CASCARON ENTERO','PLIEGO',11.95,'NO',1,'0000-00-00 00:00:00','0000-00-00 00:00:00'),(245,21101,'21100048','C660400012-019','CARTULINA EN DIVERSOS COLORES DE .50X.65 CMS.','PLIEGO',1.60,'NO',1,'0000-00-00 00:00:00','0000-00-00 00:00:00'),(246,21101,'21100048','C660400012-029','CARTULINA FABRIANO','PLIEGO',22.50,'NO',1,'0000-00-00 00:00:00','0000-00-00 00:00:00'),(247,21101,'21100048','C660400012-022','CARTULINA FOMARD DE .80X100 MTS-','PLIEGO',104.00,'NO',1,'0000-00-00 00:00:00','0000-00-00 00:00:00'),(248,21101,'21100048','C660400012-004','CARTULINA KERATOL GRANO GRUESO','PLIEGO',188.00,'NO',1,'0000-00-00 00:00:00','0000-00-00 00:00:00'),(249,21101,'21100048','C660400012-026','CARTULINA OPALINA T/CARTA C/100 PIEZAS','PAQUETE',52.50,'NO',1,'0000-00-00 00:00:00','0000-00-00 00:00:00'),(250,21101,'21100048','C660400012-023','CARTULINA OPALINA T/CARTA C/100 PZAS.','PLIEGO',54.50,'NO',1,'0000-00-00 00:00:00','0000-00-00 00:00:00'),(251,21101,'21100048','C660400012-020','CARTULINA OPALINA T/OFICIO C/100 PIEZAS','PAQUETE',68.50,'NO',1,'0000-00-00 00:00:00','0000-00-00 00:00:00'),(252,21101,'21100048','C660400012-018','CARTULINA RODODENDRO 51X 65 CMS.','PLIEGO',35.00,'NO',1,'0000-00-00 00:00:00','0000-00-00 00:00:00'),(253,21401,'21400006','(C870000050-005)','CD-R GRABABLE  (CAJA   C/20 PZAS.)','CAJA',166.00,'NO',1,'0000-00-00 00:00:00','0000-00-00 00:00:00'),(254,21401,'21400006','(C870000050-004)','CD-RW  REGRABABLE (CAJA  C/20  PZAS.)','CAJA',330.00,'NO',1,'0000-00-00 00:00:00','0000-00-00 00:00:00'),(255,21601,'21600010','C420000056-002','CEPILLO P/BARRER INCLINADO 80 CM L. CERDA PLASTICO','PIEZA',85.68,'NO',1,'0000-00-00 00:00:00','0000-00-00 00:00:00'),(256,21601,'21600010','C420000056-003','\'CEPILLO PARA TALLAR PISO CON BASTON CERDA DURA CON ROSCA INCLINADA DE 30 CMS.','PIEZA',25.21,'NO',1,'0000-00-00 00:00:00','0000-00-00 00:00:00'),(257,21101,'21100083','C210000054-004','CERA ANTIDERRAPENTE ( CUENTA FACIL) QUE FACILITA EL CONTENIDO DE HOJAS CON TAPA DE BISAGRA','PIEZA',5.50,'NO',1,'0000-00-00 00:00:00','0000-00-00 00:00:00'),(258,21601,'21600011','C420000026-009','CESTO DE PLASTICO PARA BASURA REDONDO','PIEZA',67.68,'NO',1,'0000-00-00 00:00:00','0000-00-00 00:00:00'),(259,21101,'21100060','C210000188-004','CHAROLA PAPELERA ARMABLE DE TRES NIVELES DE ACRILICO COLOR HUMO TAMAÑO OFICIO','PIEZA',240.00,'NO',1,'0000-00-00 00:00:00','0000-00-00 00:00:00'),(260,21401,'21400019','(C870000028-565)','CILINDRO DE IMAGEN  TIPO C-6 42126601 AMARILLO P/ IMPRESORA OKI MOD. C5200 COLOR','PZA.',999.99,'NO',1,'0000-00-00 00:00:00','0000-00-00 00:00:00'),(261,21401,'21400019','(C870000028-568)','CILINDRO DE IMAGEN  TIPO C-6 42126604 NEGRO P/ IMPRESORA OKI MOD. C5200 COLOR','PZA.',999.99,'NO',1,'0000-00-00 00:00:00','0000-00-00 00:00:00'),(262,21101,'21100063','C210000036-028','CINTA ADHESIVA MASKIN TAPE DE 36 X 50 M.','ROLLO',21.95,'NO',1,'0000-00-00 00:00:00','0000-00-00 00:00:00'),(263,21101,'21100063','C210000036-007','CINTA ADHESIVA TRANSPARENTE DE 24 X 65 M.','ROLLO',9.95,'NO',1,'0000-00-00 00:00:00','0000-00-00 00:00:00'),(264,21101,'21100063','C210000036-002','CINTA CANELA DE 48 X 150 M. PLASTICAS.','ROLLO',18.50,'NO',1,'0000-00-00 00:00:00','0000-00-00 00:00:00'),(265,21101,'21100063','C210000036-025','CINTA CANELA DE 48 X 50 M.','ROLLO',5.95,'NO',1,'0000-00-00 00:00:00','0000-00-00 00:00:00'),(266,21101,'21100076','C210000052-007','CINTA CORRECTORA DE 5 M DE LARGO','PIEZA',17.52,'NO',1,'0000-00-00 00:00:00','0000-00-00 00:00:00'),(267,21101,'21100063','C210000036-022','CINTA DIUREX 12X33','ROLLO',2.65,'NO',1,'0000-00-00 00:00:00','0000-00-00 00:00:00'),(268,21101,'21100063','C210000036-019','CINTA DIUREX 12X65','ROLLO',5.45,'NO',1,'0000-00-00 00:00:00','0000-00-00 00:00:00'),(269,21101,'21100063','C210000036-013','CINTA DIUREX 18X33','ROLLO',3.95,'NO',1,'0000-00-00 00:00:00','0000-00-00 00:00:00'),(270,21101,'21100063','C210000036-012','CINTA DIUREX 18X65','ROLLO',7.25,'NO',1,'0000-00-00 00:00:00','0000-00-00 00:00:00'),(271,21101,'21100063','C210000036-026','CINTA DIUREX DE 48X50 MTS. TRANSPARENTE','PIEZA',5.95,'NO',1,'0000-00-00 00:00:00','0000-00-00 00:00:00'),(272,21101,'21100063','C210000036-032','CINTA ESPUMA DOBLE CARA 18X10','ROLLO',39.50,'NO',1,'0000-00-00 00:00:00','0000-00-00 00:00:00'),(273,21101,'21100063','C210000036-032','CINTA ESPUMA RESISTENTE CON ADHESIVO EN AMBAS CARAS PARA FIJAR MONTAJE PESADO C/16 PIEZAS','PAQUETE',999.99,'NO',1,'0000-00-00 00:00:00','0000-00-00 00:00:00'),(274,21101,'21100063','C210000036-022','CINTA INVISIBLE 12X33','PIEZA',11.00,'NO',1,'0000-00-00 00:00:00','0000-00-00 00:00:00'),(275,21101,'21100063','C210000036-033','CINTA MAGICA DE  18X65','ROLLO',16.95,'NO',1,'0000-00-00 00:00:00','0000-00-00 00:00:00'),(276,21101,'21100063','C210000036-016','CINTA MASKIN TAPE 12X50','ROLLO',7.62,'NO',1,'0000-00-00 00:00:00','0000-00-00 00:00:00'),(277,21101,'21100063','C210000036-040','CINTA MASKIN TAPE 18X50','ROLLO',11.00,'NO',1,'0000-00-00 00:00:00','0000-00-00 00:00:00'),(278,21101,'21100063','C210000036-003','CINTA MASKIN TAPE DE 24 X 50 M.','PIEZA',14.25,'NO',1,'0000-00-00 00:00:00','0000-00-00 00:00:00'),(279,21101,'21100063','C210000036-023','CINTA PARA DUCTOS GRIS PLATA DE 48X50 M.','ROLLO',66.50,'NO',1,'0000-00-00 00:00:00','0000-00-00 00:00:00'),(280,21101,'21100068','C210000040-006','CINTA PARA MAQUINA MECANICA BICOLOR','PIEZA',17.25,'NO',1,'0000-00-00 00:00:00','0000-00-00 00:00:00'),(281,21101,'21100068','C210000040-007','CINTAS PARA MAQUINA DE ESCRIBIR MECANICA DE NAYLON DE 8 MTS. COLOR NEGRO','ROLLO',17.25,'NO',1,'0000-00-00 00:00:00','0000-00-00 00:00:00'),(282,21101,'21100069','C210000042-002','CLIP  CUADRADO No.2 C/100 PZAS.','CAJA',5.85,'NO',1,'0000-00-00 00:00:00','0000-00-00 00:00:00'),(283,21101,'21100069','C210000042-011','CLIP  REDONDO No.2 C/100 PZAS.','CAJA',3.85,'NO',1,'0000-00-00 00:00:00','0000-00-00 00:00:00'),(284,21101,'21100069','C210000042-012','CLIP  REDONDO No.3 C/100 PZAS.','CAJA',3.60,'NO',1,'0000-00-00 00:00:00','0000-00-00 00:00:00'),(285,21101,'NO REGIS.','0000000000-000','CLIP CUADRADO 50 MM ACERO DE ALTA CALIDAD C/100 PIEZAS','CAJA',15.50,'NO',1,'0000-00-00 00:00:00','0000-00-00 00:00:00'),(286,21101,'21100147','C210000042-001','CLIP CUADRADO No. 1 C/100 PIEZAS','CAJA',6.50,'NO',1,'0000-00-00 00:00:00','0000-00-00 00:00:00'),(287,21101,'21100069','C210000042-003','CLIP GIGANTE MARIPOSA No.1','CAJA',8.50,'NO',1,'0000-00-00 00:00:00','0000-00-00 00:00:00'),(288,21101,'21100069','C210000042-004','CLIP GIGANTE MARIPOSA No.2  C/50 PZAS.','CAJA',15.00,'NO',1,'0000-00-00 00:00:00','0000-00-00 00:00:00'),(289,21101,'21100069','C210000042-006','CLIP JUMBO C/100','CAJA',15.50,'NO',1,'0000-00-00 00:00:00','0000-00-00 00:00:00'),(290,21101,'21100147','C210000042-010','CLIP REDONDO No. 1 C/100 PIEZAS','CAJA',4.50,'NO',1,'0000-00-00 00:00:00','0000-00-00 00:00:00'),(291,21101,'21100069','C210000042-024','CLIP STD No.1 C/100','CAJA',4.50,'NO',1,'0000-00-00 00:00:00','0000-00-00 00:00:00'),(292,21101,'21100069','C210000420-023','CLIP STD No.2 C/100','CAJA',3.95,'NO',1,'0000-00-00 00:00:00','0000-00-00 00:00:00'),(293,21101,'21100072','C210000044-002','COJIN PARA SELLO CHICO','PIEZA',11.30,'NO',1,'0000-00-00 00:00:00','0000-00-00 00:00:00'),(294,21101,'21100072','C210000044-003','COJIN PARA SELLO MEDIANO','PIEZA',12.50,'NO',1,'0000-00-00 00:00:00','0000-00-00 00:00:00'),(295,21101,'21100023','C210000082-005','COLORES PRISMACOLOR PROFESIONAL MINA EXTRAGRUESA CAJA C/24 PZAS.','CAJA',260.00,'NO',1,'0000-00-00 00:00:00','0000-00-00 00:00:00'),(296,29401,'29400006','(C870000092-001)','CONECTOR HEMBRA JACK CAT.6','PZA.',81.00,'NO',1,'0000-00-00 00:00:00','0000-00-00 00:00:00'),(297,29401,'29400006','(C870000092-002)','CONECTOR RJ45 CAT.6 BOLSA C/100 PZAS','BOLSA',505.00,'NO',1,'0000-00-00 00:00:00','0000-00-00 00:00:00'),(298,21101,'21100228','C660200042-002','CONOS DE PAPEL PARA AGUA CON 250 PIEZAS','PAQUETE',6.41,'NO',1,'0000-00-00 00:00:00','0000-00-00 00:00:00'),(299,21101,'21100076','C210000284-005','CORRECTOR LIQUIDO EN PLUMA PUNTA METALICA','PIEZA',7.95,'NO',1,'0000-00-00 00:00:00','0000-00-00 00:00:00'),(300,21101,'21100076','C210000284-001','CORRECTOR LIQUIDO FRASCOS DE 20 ML.','FRASCO',4.50,'NO',1,'0000-00-00 00:00:00','0000-00-00 00:00:00'),(301,21101,'NO REGIS.','0000000000-000','CUADERNO F/ITALIANO ENGRAPADO C/100 CON HOJAS DE RAYA','PIEZA',6.95,'NO',1,'0000-00-00 00:00:00','0000-00-00 00:00:00'),(302,21101,'NO REGIS.','0000000000-000','CUADERNO F/ITALIANO ENGRAPADO C/100 CON HOJAS DOBLE RAYA','PIEZA',5.10,'NO',1,'0000-00-00 00:00:00','0000-00-00 00:00:00'),(303,21101,'NO REGIS.','0000000000-000','CUADERNO F/ITALIANO ENGRAPADO C/50 CON HOJAS DE DIBUJO','PIEZA',3.95,'NO',1,'0000-00-00 00:00:00','0000-00-00 00:00:00'),(304,21101,'NO REGIS.','0000000000-000','CUADERNO F/ITALIANO ENGRAPADO C/50 CON HOJAS DE RAYA','PIEZA',3.95,'NO',1,'0000-00-00 00:00:00','0000-00-00 00:00:00'),(305,21601,'21600012','C420000032-015','CUBETA DE LAMINA No. 20','PIEZA',78.17,'NO',1,'0000-00-00 00:00:00','0000-00-00 00:00:00'),(306,21601,'21600012','C420000032-004','CUBETA DE PLASTICO No. 12 REFORZADA.','PIEZA',11.74,'NO',1,'0000-00-00 00:00:00','0000-00-00 00:00:00'),(307,21601,'21600012','C420000032-007','CUBETA DE PLASTICO No. 20 REFORZADA','PIEZA',74.45,'NO',1,'0000-00-00 00:00:00','0000-00-00 00:00:00'),(308,21101,'21100025','C660200006-034','CUBO DE NOTAS AUTODHERIBLES ULTRACOLOR PARA RECADOS DE 3X3 PAQT. CON 4 COLORES LLAMATIVOS','CUBO',26.25,'NO',1,'0000-00-00 00:00:00','0000-00-00 00:00:00'),(309,21101,'NO REGIS.','0000000000-000','CUCHARA DESECHABLE CHICA DE PLASTICO COLOR BLANCA C/20 BIODEGRADABLES','PAQUETE',7.50,'NO',1,'0000-00-00 00:00:00','0000-00-00 00:00:00'),(310,21101,'NO REGIS.','0000000000-000','CUCHARA DESECHABLE CHICA DE PLASTICO COLOR BLANCA C/25 BIODEGRADABLES','PAQUETE',8.50,'NO',1,'0000-00-00 00:00:00','0000-00-00 00:00:00'),(311,21101,'21100082','C210000286-007','CUTTER DE ACERO GRUESO REFORZADO CON RIEL METALICO GRANDE','PIEZA',23.50,'NO',1,'0000-00-00 00:00:00','0000-00-00 00:00:00'),(312,21101,'21100084','C210000056-001','DESENGRAPADORA C/ REFUERZO.','PIEZA',7.25,'NO',1,'0000-00-00 00:00:00','0000-00-00 00:00:00'),(313,21601,'21600014','C420000038-005','DESINFECTANTE DESODORANTE EN PASTILLA PARA TANQUE DE W.C.','PIEZA',21.45,'NO',1,'0000-00-00 00:00:00','0000-00-00 00:00:00'),(314,21601,'21600014','C420000038-006','DESINFECTANTE EN PASTILLA PARA W.C. REDONDA C/GANCHO DE PLASTICO DE 80 GRS.','PIEZA',9.56,'NO',1,'0000-00-00 00:00:00','0000-00-00 00:00:00'),(315,21601,'21600014','C420000038-008','DESINFECTANTE LIMPIADOR QUITASARRO PARA W.C. DE 1000 ML.','FRASCO',13.11,'NO',1,'0000-00-00 00:00:00','0000-00-00 00:00:00'),(316,21601,'21600033','C420000082-002','DESPACHADOR DE JABON A GRANEL','PIEZA',241.00,'NO',1,'0000-00-00 00:00:00','0000-00-00 00:00:00'),(317,21601,'21600053','C420000138-001','DESPACHADOR DE TOALLA DE 25 CM. PARA MANOS AUTOMATICO (SEMIAUTOMATICO)','PIEZA',534.50,'NO',1,'0000-00-00 00:00:00','0000-00-00 00:00:00'),(318,21101,'21100085','C210000130-003','DESPACHADOR POST-IT','PIEZA',95.00,'NO',1,'0000-00-00 00:00:00','0000-00-00 00:00:00'),(319,21601,'21600017','C420000048-002','DETERGENTE EN POLVO BOLSA DE 1000 GRS.  BIODEGRADABLE AROMA A LIMON','BOLSA',28.39,'NO',1,'0000-00-00 00:00:00','0000-00-00 00:00:00'),(320,21101,'21100088','C210000218-001','DIRECTORIO TELEFONICO INDUSTRIAL.','PIEZA',259.00,'NO',1,'0000-00-00 00:00:00','0000-00-00 00:00:00'),(321,29401,'29400012','(C870000120-004)','DISCO DURO INTERNO SATA P/ LAPTO DE 500 GB.','PZA.',999.99,'NO',1,'0000-00-00 00:00:00','0000-00-00 00:00:00'),(322,29401,'29400012','(C870000120-003)','DISCO DURO INTERNO SATA P/ LAPTOP DE 500 GB.','PZA.',999.99,'NO',1,'0000-00-00 00:00:00','0000-00-00 00:00:00'),(323,29401,'NO','(0000000000-000)','DISCO DURO INTERNO SATA P/ PC DE 1 TB.','PZA.',999.99,'NO',1,'0000-00-00 00:00:00','0000-00-00 00:00:00'),(324,29401,'NO','(0000000000-000)','DISCO DURO INTERNO SATA P/PC DE 500 GB.','PZA.',999.99,'NO',1,'0000-00-00 00:00:00','0000-00-00 00:00:00'),(325,29401,'29400012','(C870000120-001)','DISPOSITIVO DE ALMACENAMIENTO DE MEMORIA EXTERNO DE 1 TB. DE CAP USB  TAM. 2.5','PZA.',999.99,'NO',1,'0000-00-00 00:00:00','0000-00-00 00:00:00'),(326,29401,'29400012','(C870000120-002)','DISPOSITIVO DE ALMACENAMIENTO DE MEMORIA EXTERNO DE 2 TB. DE CAP. TAM. 2.5','PZA.',999.99,'NO',1,'0000-00-00 00:00:00','0000-00-00 00:00:00'),(327,29401,'29400012','(C870000120-005)','DISPOSITIVO DE ALMACENAMIENTO DE MEMORIA EXTERNO DE 3 TB. DE CAP. TAM. 3.5','PZA.',999.99,'NO',1,'0000-00-00 00:00:00','0000-00-00 00:00:00'),(328,21401,'21400006','(C870000050-007)','DVD+ R DL (DOBLE LAYER) DE 8.5 GB. (TORRE  DE 20 PZAS.)','TORRE',655.00,'NO',1,'0000-00-00 00:00:00','0000-00-00 00:00:00'),(329,21401,'21400006','(C870000050-011)','DVD-+ R GRABABLE DE 4.7 G.B. (CAJA C/20 PZAS.)','CAJA',215.00,'NO',1,'0000-00-00 00:00:00','0000-00-00 00:00:00'),(330,21101,'21100089','C210000134-001','ENGRAPADORA (TIRA COMPLETA) DISEÑADA EN METAL CON DETALLES DE PLASTICO Y BASE COMPLETAMENTE ACOJINADA EN HULE.','PIEZA',134.00,'NO',1,'0000-00-00 00:00:00','0000-00-00 00:00:00'),(331,21101,'21100089','C210000134-005','ENGRAPADORA MEDIA TIRA MOD. 105','PIEZA',37.50,'NO',1,'0000-00-00 00:00:00','0000-00-00 00:00:00'),(332,21101,'21100089','C210000134-004','ENGRAPADORA MEDIA TIRA MOD. 125','PIEZA',35.75,'NO',1,'0000-00-00 00:00:00','0000-00-00 00:00:00'),(333,21101,'21100089','C210000134-003','ENGRAPADORA MEDIA TIRA MOD. 858','PIEZA',59.50,'NO',1,'0000-00-00 00:00:00','0000-00-00 00:00:00'),(334,21101,'21100089','C210000134-006','ENGRAPADORA MEDIA TIRA MOD. A-400','PIEZA',35.50,'NO',1,'0000-00-00 00:00:00','0000-00-00 00:00:00'),(335,21101,'21100089','C210000134-007','ENGRAPADORA MEDIA TIRA MOD. DE-01','PIEZA',34.50,'NO',1,'0000-00-00 00:00:00','0000-00-00 00:00:00'),(336,21101,'21100089','C210000134-008','ENGRAPADORA MEDIA TIRA MOD.-DE-02','PIEZA',38.90,'NO',1,'0000-00-00 00:00:00','0000-00-00 00:00:00'),(337,21101,'21100089','C210000134-005','ENGRAPADORA PARA USO PESADO CON MANGO LARGO PARA GRAPAR HASTA 60 HOJAS.','PIEZA',240.00,'NO',1,'0000-00-00 00:00:00','0000-00-00 00:00:00'),(338,21101,'21100089','C210000134-001','ENGRAPADORA TIRA COMPLETA MOD. P-404','PIEZA',125.00,'NO',1,'0000-00-00 00:00:00','0000-00-00 00:00:00'),(339,21101,'NO REGIS.','0000000000-000','ENMICADORA TERMICA 39X17X100 MM MOD. YT322','PIEZA',999.99,'NO',1,'0000-00-00 00:00:00','0000-00-00 00:00:00'),(340,21601,'21600020','C420000054-004','ESCOBA DE MIJO DE 6 HILOS','PIEZA',92.29,'NO',1,'0000-00-00 00:00:00','0000-00-00 00:00:00'),(341,21601,'21600020','C420000054-001','ESCOBA DE PLASTICO TIPO ABANICO','PIEZA',45.20,'NO',1,'0000-00-00 00:00:00','0000-00-00 00:00:00'),(342,21101,'21100110','C210000076-007','ESPIRAL METALICO MEDIDA 1 1/4\" CON 22 PIEZAS.','CAJA',115.00,'NO',1,'0000-00-00 00:00:00','0000-00-00 00:00:00'),(343,21101,'21100110','C210000076-008','ESPIRAL METALICO MEDIDA 1 CON 30 PIEZAS.','CAJA',115.00,'NO',1,'0000-00-00 00:00:00','0000-00-00 00:00:00'),(344,21101,'21100110','C210000076-015','ESPIRAL METALICO MEDIDA 1/2 CON 75 PIEZAS.','CAJA',115.00,'NO',1,'0000-00-00 00:00:00','0000-00-00 00:00:00'),(345,21101,'21100110','C210000076-014','ESPIRAL METALICO MEDIDA 1/4 CON 135 PIEZAS.','CAJA',115.00,'NO',1,'0000-00-00 00:00:00','0000-00-00 00:00:00'),(346,21101,'21100110','C210000076-010','ESPIRAL METALICO MEDIDA 3/16 CON 150 PIEZAS.','CAJA',130.00,'NO',1,'0000-00-00 00:00:00','0000-00-00 00:00:00'),(347,21101,'21100110','C210000076-009','ESPIRAL METALICO MEDIDA 3/4 CON 40 PIEZAS.','CAJA',115.00,'NO',1,'0000-00-00 00:00:00','0000-00-00 00:00:00'),(348,21101,'21100110','C210000076-019','ESPIRAL METALICO MEDIDA 3/8 CON 90 PIEZAS.','CAJA',115.00,'NO',1,'0000-00-00 00:00:00','0000-00-00 00:00:00'),(349,21101,'21100110','C210000076-020','ESPIRAL METALICO MEDIDA 5/16 CON 100 PIEZAS.','CAJA',115.00,'NO',1,'0000-00-00 00:00:00','0000-00-00 00:00:00'),(350,21101,'21100110','C210000076-011','ESPIRAL METALICO MEDIDA 5/8 CON 45 PIEZAS.','CAJA',115.00,'NO',1,'0000-00-00 00:00:00','0000-00-00 00:00:00'),(351,21101,'21100110','C210000076-016','ESPIRAL METALICO MEDIDA 7/16 CON 80 PIEZAS.','CAJA',115.00,'NO',1,'0000-00-00 00:00:00','0000-00-00 00:00:00'),(352,21101,'21100110','C210000076-017','ESPIRAL METALICO MEDIDA 9/16 CON 55 PIEZAS.','CAJA',115.00,'NO',1,'0000-00-00 00:00:00','0000-00-00 00:00:00'),(353,21101,'21100209','C450000044-001','ESTILOGRAFO No. 5','PIEZA',22.25,'NO',1,'0000-00-00 00:00:00','0000-00-00 00:00:00'),(354,21101,'NO REGIS.','0000000000-000','ESTUCHE PARA CD DISEÑO COMPACTO ELABORADO CON YLON REISTENTE CON LAS ORILLAS REFORZADAS CON CIERRE','PIEZA',49.00,'NO',1,'0000-00-00 00:00:00','0000-00-00 00:00:00'),(355,21101,'21100218','C660200048-033','ETIQUETA TAGS COLGANTES BLANAS TAMAÑO 7 X 4.3 CM. C/100 PIEZAS MODELO 11012','PAQUETE',45.00,'NO',1,'0000-00-00 00:00:00','0000-00-00 00:00:00'),(356,21101,'21100140','C660200048-021','ETIQUETAS ADHESIVAS BLANCAS DE 32 X 64 MM. C/240 PZAS.','PAQUETE',10.25,'NO',1,'0000-00-00 00:00:00','0000-00-00 00:00:00'),(357,21101,'21100140','C660200048-002','ETIQUETAS ADHESIVAS BLANCAS DE 50 X 100 MM. C/84 PZAS.','PAQUETE',10.25,'NO',1,'0000-00-00 00:00:00','0000-00-00 00:00:00'),(358,21101,'21100140','C660200048-001','ETIQUETAS ADHESIVAS DE 20 X 100 MM. C/280 PZAS.','PAQUETE',10.25,'NO',1,'0000-00-00 00:00:00','0000-00-00 00:00:00'),(359,21101,'21100140','C660200048-009','ETIQUETAS ADHESIVAS FLUORECENTE NK-01 9X13','PAQUETE',10.25,'NO',1,'0000-00-00 00:00:00','0000-00-00 00:00:00'),(360,21101,'21100140','C660200048-017','ETIQUETAS ADHESIVAS NK 01 9X13','PAQUETE',10.25,'NO',1,'0000-00-00 00:00:00','0000-00-00 00:00:00'),(361,21101,'21100140','C660200048-016','ETIQUETAS ADHESIVAS NK 07 25X25','PAQUETE',10.25,'NO',1,'0000-00-00 00:00:00','0000-00-00 00:00:00'),(362,21101,'21100140','C660200048-018','ETIQUETAS ADHESIVAS NK 09 13X38','PAQUETE',10.25,'NO',1,'0000-00-00 00:00:00','0000-00-00 00:00:00'),(363,21101,'21100209','C660200048-013','ETIQUETAS BLANCAS P/CD Y DVD','PAQUETE',43.50,'NO',1,'0000-00-00 00:00:00','0000-00-00 00:00:00'),(364,21101,'21100082','C210000286-003','EXACTO CUTTER ANCHO DE PLASTICO TRANSPARENTE.','PIEZA',10.90,'NO',1,'0000-00-00 00:00:00','0000-00-00 00:00:00'),(365,21101,'21100082','C210000286-002','EXACTO METALICO ANGOSTO.','PIEZA',6.25,'NO',1,'0000-00-00 00:00:00','0000-00-00 00:00:00'),(366,21601,'21600028','C420000074-006','FIBRA VERDE','PIEZA',13.48,'NO',1,'0000-00-00 00:00:00','0000-00-00 00:00:00'),(367,21601,'21600028','C420000074-004','FIBRA VERDE CON ESPONJA','PIEZA',24.72,'NO',1,'0000-00-00 00:00:00','0000-00-00 00:00:00'),(368,21101,'NO REGIS.','0000000000-000','FOLDER CON COSTILLA TAMAÑO CARTA COLOR AMARILLO','PIEZA',6.50,'NO',1,'0000-00-00 00:00:00','0000-00-00 00:00:00'),(369,21101,'21100104','C660200010-036','FOLDER CON COSTILLA TAMAÑO CARTA COLOR VERDE','PIEZA',6.50,'NO',1,'0000-00-00 00:00:00','0000-00-00 00:00:00'),(370,21101,'21100104','C660200010-063','FOLDER T/CARTA COLOR AMARILLO INTENSO.','PIEZA',2.15,'NO',1,'0000-00-00 00:00:00','0000-00-00 00:00:00'),(371,21101,'21100104','C660200010-064','FOLDER T/CARTA COLOR VERDE INTENSO.','PIEZA',2.15,'NO',1,'0000-00-00 00:00:00','0000-00-00 00:00:00'),(372,21101,'21100104','C660200010-005','FOLDER TAMAÑO CARTA RECICLADO','PIEZA',0.86,'NO',1,'0000-00-00 00:00:00','0000-00-00 00:00:00'),(373,21101,'21100104','C660200010-002','FOLDER TAMAÑO OFICIO RECICLADO','PIEZA',1.21,'NO',1,'0000-00-00 00:00:00','0000-00-00 00:00:00'),(374,21101,'21100104','C660200010-007','FOLDERS COLGANTE TAMAÑO CARTA','CAJA',92.50,'NO',1,'0000-00-00 00:00:00','0000-00-00 00:00:00'),(375,21101,'21100104','C660200010-060','FOLDERS COLGANTE TAMAÑO OFICIO','CAJA',115.00,'NO',1,'0000-00-00 00:00:00','0000-00-00 00:00:00'),(376,21101,'21100104','C660200010-072','FOLDERS CON COSTILLA TAMAÑO CARTA VARIOS COLORES','PIEZA',6.50,'NO',1,'0000-00-00 00:00:00','0000-00-00 00:00:00'),(377,21101,'21100104','C660200010-034','FOLDERS TAMAÑO CARTA COLOR CREMA CORTE GUIA P/BROCHE AL MARGEN ESQUINAS REDONDEADAS DE PAPEL MANILA SATINADO.','PIEZA',0.69,'NO',1,'0000-00-00 00:00:00','0000-00-00 00:00:00'),(378,21101,'21100105','C210000226-001','FOLIADOR SEMI AUTOMATICO NUMERICO DE 6 DIGITOS CUERPO Y TIPOS DE METAL CON REPETICION  DE HASTA 8 IMPRESIONES Y FIJO C/VARILLA AJUSTADORA DE TITOS. TINTA Y COJIN','PIEZA',152.00,'NO',1,'0000-00-00 00:00:00','0000-00-00 00:00:00'),(379,21101,'NO REGIS.','0000000000-000','FOMY TAMAÑO CARTA','PAQUETE',28.50,'NO',1,'0000-00-00 00:00:00','0000-00-00 00:00:00'),(380,21601,'21600029','C750400062-001','FRANELA ROJA RIBETEADA  DE 1 METRO.','METRO',16.88,'NO',1,'0000-00-00 00:00:00','0000-00-00 00:00:00'),(381,22104,'22100124','C570400076-002','FRIJOL NEGRO BOLSA DE 1 KILO','KG',32.00,'NO',1,'0000-00-00 00:00:00','0000-00-00 00:00:00'),(382,22104,'22100124','C570400076-001','FRIJOL PERUANO BOLSA DE 1 KILO','KG',59.00,'NO',1,'0000-00-00 00:00:00','0000-00-00 00:00:00'),(383,29401,'NO','(0000000000-000)','FUENTE DE PODER ATX DE 400 W. P/ PC. CONECTOR 20/24 PINES','PZA.',225.00,'NO',1,'0000-00-00 00:00:00','0000-00-00 00:00:00'),(384,21101,'21100171','C210000240-007','GAFETE CON BROCHE MOD. GFT03','PIEZA',19.44,'NO',1,'0000-00-00 00:00:00','0000-00-00 00:00:00'),(385,22104,'22100128','C601400004-013','GALLETAS SURTIDAS CAJA DE 800 GRS.','CAJA',132.00,'NO',1,'0000-00-00 00:00:00','0000-00-00 00:00:00'),(386,22103,'22100128','C601400004-013','GALLETAS SURTIDAS CAJA DE 800 GRS.','CAJA',132.00,'NO',1,'0000-00-00 00:00:00','0000-00-00 00:00:00'),(387,21601,'21600014','C420000038-011','GEL ALCOHOL SANITIZANTE PARA MANOS 5 LT.','LITRO',180.00,'NO',1,'0000-00-00 00:00:00','0000-00-00 00:00:00'),(388,29401,'NO','(0000000000-000)','GENERADOR DE TONOS Y PROBADOR DE CABLE UTP STP Y SFTP CAT 5/6','PZA.',999.99,'NO',1,'0000-00-00 00:00:00','0000-00-00 00:00:00'),(389,21101,'21100030','C210000028-002','GOMA BLANCA CHICA C/60','CAJA',57.00,'NO',1,'0000-00-00 00:00:00','0000-00-00 00:00:00'),(390,21101,'21100030','C210000028-003','GOMA BLANCA G-30 C/30','CAJA',51.00,'NO',1,'0000-00-00 00:00:00','0000-00-00 00:00:00'),(391,21101,'21100030','C210000028-005','GOMA DE MIGAJON TIPO BLOQUE','PIEZA',3.87,'NO',1,'0000-00-00 00:00:00','0000-00-00 00:00:00'),(392,21101,'21100030','C210000028-012','GOMA PLASTICA COLOR BLANCO PARA BORAR LAPIZ (CHICO)','PIEZA',0.95,'NO',1,'0000-00-00 00:00:00','2018-03-15 22:28:11'),(393,21101,'21100030','C210000028-013','GOMA PLASTICA COLOR BLANCO PARA BORAR LAPIZ (GRANDE)','PIEZA',2.55,'NO',1,'0000-00-00 00:00:00','2018-03-15 22:29:13'),(394,21101,'21100109','C210000074-008','GRAPAS ESTANDAR CON 5000 PZAS.','CAJA',9.75,'NO',1,'0000-00-00 00:00:00','0000-00-00 00:00:00'),(395,21101,'21100109','C210000074-014','GRAPAS INDUSTRIAL PARA 20 HOJAS 23/8 C/1000 PIEZAS','CAJA',52.00,'NO',1,'0000-00-00 00:00:00','0000-00-00 00:00:00'),(396,21101,'21100109','C210000074-016','GRAPAS INDUSTRIAL PARA 40 HOJAS 23/10 C/1000 PIEZAS','CAJA',56.00,'NO',1,'0000-00-00 00:00:00','0000-00-00 00:00:00'),(397,21101,'21100109','C210000074-020','GRAPAS INDUSTRIAL PARA 60 HOJAS 23/15 C/1000 PIEZAS','CAJA',95.00,'NO',1,'0000-00-00 00:00:00','0000-00-00 00:00:00'),(398,27201,'27200012','C660600016-005','GUANTES DE HULE ROJO Y/O NEGRO DIFERENTES NUMEROS','PAR',13.63,'NO',1,'0000-00-00 00:00:00','0000-00-00 00:00:00'),(399,21101,'NO REGIS.','0000000000-000','GUILLOTINA DE 15 PULG. DE MADERA','PIEZA',950.00,'NO',1,'0000-00-00 00:00:00','0000-00-00 00:00:00'),(400,21101,'21100109','C660400026-016','HOJAS CON PERFORACION DE C-7 TAMAÑO CARTA C/100 HOJAS','PAQUETE',13.50,'NO',1,'0000-00-00 00:00:00','0000-00-00 00:00:00'),(401,21101,'21100109','C660800004-010','HOJAS CON PERFORACION DE RAYA TAMAÑO CARTA C/100 HOJAS','PAQUETE',13.50,'NO',1,'0000-00-00 00:00:00','0000-00-00 00:00:00'),(402,21101,'21100133','C660400026-004','HOJAS IRIS DE COLORES DIFERENTES C/100 PIEZAS','PAQUETE',26.50,'NO',1,'0000-00-00 00:00:00','0000-00-00 00:00:00'),(403,22104,'22100160','C631000002-001','HUEVO BLANCO CONO CON 30 PIEZAS','PIEZA',70.00,'NO',1,'0000-00-00 00:00:00','0000-00-00 00:00:00'),(404,22103,'22100160','C631000002-001','HUEVO BLANCO CONO CON 30 PIEZAS','PIEZA',70.00,'NO',1,'0000-00-00 00:00:00','0000-00-00 00:00:00'),(405,21601,'21600018','C420000050-002','INSECTICIDA EN SPRAY DE 582 GR. PARA CASA Y JARDIN.','BOTE',99.80,'NO',1,'0000-00-00 00:00:00','0000-00-00 00:00:00'),(406,21601,'21600030','C420000080-006','JABON CREMA LIQUIDO PARA MANOS ROSA DE 500 ML.','BOLSA',27.07,'NO',1,'0000-00-00 00:00:00','0000-00-00 00:00:00'),(407,21601,'21600030','C420000080-002','JABON DE TOCADOR DE 100 GRS. CON ENVOLTURA.','PIEZA',10.59,'NO',1,'0000-00-00 00:00:00','0000-00-00 00:00:00'),(408,21601,'21600030','C420000080-009','JABON NEUTRO DE 100 GRS.','PIEZA',6.62,'NO',1,'0000-00-00 00:00:00','0000-00-00 00:00:00'),(409,1,'NO REGIS.','0000000000-000','JALADOR DE AGUA PARA LIMPIAR VIDRIO CON DOBLE GOMA COLOR NEGRA REFORZADA DE 36 CMS. DE ANCHO Y MANGO DE 40 CMS. DE LARGO APROXIMADAMENTE','PIEZA',15.23,'NO',1,'0000-00-00 00:00:00','0000-00-00 00:00:00'),(410,21601,'21600035','C420000086-004','JALADOR DE AGUA PARA PISOS DE 40 CMS.','PIEZA',13.38,'NO',1,'0000-00-00 00:00:00','0000-00-00 00:00:00'),(411,21601,'21600035','C420000086-003','JALADOR DE AGUA PARA VIDRIOS CON ESPONJA DE 20 CMS.','PIEZA',17.17,'NO',1,'0000-00-00 00:00:00','0000-00-00 00:00:00'),(412,21601,'21600029','C750400062-005','JERGA RIBETEADA DE 1 METRO.','METRO',16.48,'NO',1,'0000-00-00 00:00:00','0000-00-00 00:00:00'),(413,29401,'29400002','C870000124-002','JUEGO DE BOCINAS MULTIMEDIA P/PC DE ESCRITORIO DE 240 WAT PMPO.','JUEGO',270.00,'NO',1,'0000-00-00 00:00:00','2018-03-15 22:53:23'),(414,29401,'NO','(0000000000-000)','KIT DE TAMBOR NEGRO/COLOR Q3964-A P/ IMPRESORA H.P. MOD.2550','PZA.',999.99,'NO',1,'0000-00-00 00:00:00','0000-00-00 00:00:00'),(415,29401,'29400046','(C870000084-005)','KIT DE TECLADO Y MOUSE INALAMBRICO','PZA.',290.00,'NO',1,'0000-00-00 00:00:00','0000-00-00 00:00:00'),(416,29401,'NO','(0000000000-000)','KIT DRUM DR400 P/ IMPRESORA BROTHER MOD. DCP 1200','PZA.',999.99,'NO',1,'0000-00-00 00:00:00','0000-00-00 00:00:00'),(417,29401,'NO','(0000000000-000)','KIT DRUM DR420 P/ IMPRESORA MULTIFUNCIONALBROTHER MOD. DCP 7055','PZA.',999.99,'NO',1,'0000-00-00 00:00:00','0000-00-00 00:00:00'),(418,29401,'NO','(0000000000-000)','KIT LIMPIADOR DE DISCOS SEMI AUTOMATICO LIM 910','PZA.',545.00,'NO',1,'0000-00-00 00:00:00','0000-00-00 00:00:00'),(419,29401,'NO','(0000000000-000)','KIT REPARADOR Y LIMPIADOR AUTOMATICO DE CDS Y DVDS  MODELO LIM-915\'','PZA.',590.00,'NO',1,'0000-00-00 00:00:00','0000-00-00 00:00:00'),(420,22104,'22100104','C600400058-001','KNOR SUIZA FRASCO DE 1.6 KGS.','FRASCO',145.00,'NO',1,'0000-00-00 00:00:00','0000-00-00 00:00:00'),(421,22103,'22100104','C600400058-001','KNOR SUIZA FRASCO DE 1.6 KGS.','FRASCO',145.00,'NO',1,'0000-00-00 00:00:00','0000-00-00 00:00:00'),(422,21101,'21100153','C210000236-003','LAPIZ ADHESIVO DE 9 GRAMOS','PIEZA',3.95,'NO',1,'0000-00-00 00:00:00','0000-00-00 00:00:00'),(423,21101,'21100023','C210000082-004','LAPIZ BICOLOR DELGADO ESCOLAR.','PIEZA',2.95,'NO',1,'0000-00-00 00:00:00','0000-00-00 00:00:00'),(424,21101,'21100023','C210000082-017','LAPIZ BICOLOR GRUESO 2020 AZUL Y ROJO','PIEZA',3.80,'NO',1,'0000-00-00 00:00:00','0000-00-00 00:00:00'),(425,21101,'21100023','C210000082-001','LAPIZ DUO CARMÍN Y LÁPIZ GRAFITO C/10 PIEZAS','CAJA',52.50,'NO',1,'0000-00-00 00:00:00','0000-00-00 00:00:00'),(426,21101,'21100023','C210000082-022','LAPIZ PARA DIBUJO 2H CON CASQUILLO DE METAL. C/10','CAJA',59.50,'NO',1,'0000-00-00 00:00:00','0000-00-00 00:00:00'),(427,21101,'21100023','C210000082-025','LAPIZ PARA DIBUJO 4/B C/10 CON CASQUILLO METALICO','CAJA',59.50,'NO',1,'0000-00-00 00:00:00','0000-00-00 00:00:00'),(428,21101,'21100023','C210000082-015','LAPIZ PARA TAQUIGRAFIA','PIEZA',5.95,'NO',1,'0000-00-00 00:00:00','0000-00-00 00:00:00'),(429,21101,'21100026','C210000082-008','LAPIZ RECICLADO','PIEZA',1.80,'NO',1,'0000-00-00 00:00:00','0000-00-00 00:00:00'),(430,21101,'21100023','C210000082-029','LAPIZ RECICLADO AMARILLO  GRAFITI DE ALTA RESISTENCIA CON CASQUILLO METALICO CON 12 PIEZAS','CAJA',30.00,'NO',1,'0000-00-00 00:00:00','0000-00-00 00:00:00'),(431,21101,'21100023','C210000082-009','LAPIZ RECICLADO LAQUEADO COLOR AMARILLO C/BORRADOR No. 2 CASQUILLO DE METAL CON BANDA ROJA','PIEZA',2.50,'NO',1,'0000-00-00 00:00:00','0000-00-00 00:00:00'),(432,29401,'NO','(0000000000-000)','LECTOR DE USB MULTIPUERTOS DE 7 ENTRADAS MODELO USB-527','PZA.',618.00,'NO',1,'0000-00-00 00:00:00','0000-00-00 00:00:00'),(433,29401,'29400020','(C870000056-001)','LECTOR MULTITARJETAS PERFECT CHOICE 15-EN-1 PORTÁTIL USB 2.0','PZA.',165.00,'NO',1,'0000-00-00 00:00:00','0000-00-00 00:00:00'),(434,21101,'21100025','C660200006-009','LIBRETA /FRANCESA CON PASTA DE  POLIPROPILENO 100 HJS. RAYADA C/ESPIRAL','PIEZA',17.50,'NO',1,'0000-00-00 00:00:00','0000-00-00 00:00:00'),(435,21101,'NO REGIS.','0000000000-000','LIBRETA DE APUNTES CON ESPIRAL C/40 HOJAS DE RAYA','PIEZA',2.50,'NO',1,'0000-00-00 00:00:00','0000-00-00 00:00:00'),(436,21101,'NO REGIS.','0000000000-000','LIBRETA DE APUNTES DE 1/8 CON ESPIRAL C/50 HOJAS DE RAYA','PIEZA',4.70,'NO',1,'0000-00-00 00:00:00','0000-00-00 00:00:00'),(437,21101,'21100025','C660200006-081','LIBRETA DE NIVEL C/96 HJS.','PIEZA',16.80,'NO',1,'0000-00-00 00:00:00','0000-00-00 00:00:00'),(438,21101,'21100025','C660200006-024','LIBRETA DE SECCION C/96 HJS.','PIEZA',31.20,'NO',1,'0000-00-00 00:00:00','0000-00-00 00:00:00'),(439,21101,'21100025','C660200006-011','LIBRETA DE TAQUIGRAFIA LARGA 80 HOJAS','PIEZA',5.50,'NO',1,'0000-00-00 00:00:00','0000-00-00 00:00:00'),(440,21101,'21100025','C660200006-012','LIBRETA DE TRANSITO C/96 HJS.','PIEZA',29.50,'NO',1,'0000-00-00 00:00:00','0000-00-00 00:00:00'),(441,21101,'21100063','C660200006-040','LIBRETA F/FRANCESA C/100 HOJAS DE RAYA CON ESPIRAL','PIEZA',8.75,'NO',1,'0000-00-00 00:00:00','0000-00-00 00:00:00'),(442,21101,'21100063','C660200006-025','LIBRETA F/ITALIANA C/100 HOJAS DE DIBUJO CON ESPIRAL','PIEZA',8.75,'NO',1,'0000-00-00 00:00:00','0000-00-00 00:00:00'),(443,21101,'21100025','C660200006-086','LIBRETA FORMA FRANCESA CON ABECEDARIO DE 96 HOJAS','PIEZA',28.50,'NO',1,'0000-00-00 00:00:00','0000-00-00 00:00:00'),(444,21101,'21100025','C660200006-066','LIBRETA FORMA ITALIANA DE PASTA DURA 96 HJS. RAYA','PIEZA',15.95,'NO',1,'0000-00-00 00:00:00','0000-00-00 00:00:00'),(445,21101,'21100025','C660200006-040','LIBRETA FRANCESA CON PASTA DE POLIPROPILENO C/100 HOJAS C-7 CON ESPIRAL','PIEZA',17.50,'NO',1,'0000-00-00 00:00:00','0000-00-00 00:00:00'),(446,21101,'21100025','C660200006-087','LIBRETA PROFESIONAL C-7 C/100 HJS. 52G/M2','PIEZA',7.95,'NO',1,'0000-00-00 00:00:00','0000-00-00 00:00:00'),(447,21101,'21100025','C660200006-088','LIBRETA PROFESIONAL RAYA C/100 HJS. 52G/M2','PIEZA',7.95,'NO',1,'0000-00-00 00:00:00','0000-00-00 00:00:00'),(448,21101,'21100025','C660200006-013','LIBRO FLORETE FORMA FRANCESA  PARA ACTAS DE 144 HOJAS.','PIEZA',77.50,'NO',1,'0000-00-00 00:00:00','0000-00-00 00:00:00'),(449,21101,'21100025','C660200006-050','LIBRO FLORETE FORMA ITALIANA CON 12 COLUMNAS DE 96 HJS.','PIEZA',95.50,'NO',1,'0000-00-00 00:00:00','0000-00-00 00:00:00'),(450,21101,'21100025','C660200006-051','LIBRO FLORETE FORMA ITALIANA DE 24 COLUMNAS DE 96 HOJAS 34.5 X 24 CMS.','PIEZA',105.00,'NO',1,'0000-00-00 00:00:00','0000-00-00 00:00:00'),(451,21101,'21100124','C210000084-002','LIGA DE HULE NATURAL GRUESA 80 GRS.','BOLSA',8.95,'NO',1,'0000-00-00 00:00:00','0000-00-00 00:00:00'),(452,21101,'21100124','C210000084-001','LIGAS Nó. 18.','BOLSA',8.95,'NO',1,'0000-00-00 00:00:00','0000-00-00 00:00:00'),(453,21601,'21600038','C420000168-006','LIMPIA VIDRIO DE 1000 ML.','FRASCO',26.22,'NO',1,'0000-00-00 00:00:00','0000-00-00 00:00:00'),(455,21601,'21600038','C420000168-007','LIMPIADOR DE MUEBLES EN AEROSOL DE 425 GRS. AROMA LIMON','FRASCO',109.00,'NO',1,'0000-00-00 00:00:00','0000-00-00 00:00:00'),(456,21601,'21600014','C420000038-001','\'LIMPIADOR LIQUIDO PARA DESINFECTAR 1 LT.','FRASCO',22.79,'NO',1,'0000-00-00 00:00:00','0000-00-00 00:00:00'),(457,29401,'NO','(0000000000-000)','LIMPIADOR LUBRICANTE P/PARTES MOVILES WD 40 DE 374 G.','PZA.',40.00,'NO',1,'0000-00-00 00:00:00','0000-00-00 00:00:00'),(458,29401,'NO','(0000000000-000)','LIMPIADOR P/LENTE LASER DE CD','PZA.',72.00,'NO',1,'0000-00-00 00:00:00','0000-00-00 00:00:00'),(459,29401,'NO','(0000000000-000)','LIMPIADOR UNIVERZAL DE PANTALLAS','PZA.',95.00,'NO',1,'0000-00-00 00:00:00','0000-00-00 00:00:00'),(460,29401,'NO','(0000000000-000)','LIMPIADOR Y DESENGRASANTE DE 454 G. PARA CIRCUITOS ELECTRONICOS','PZA.',105.00,'NO',1,'0000-00-00 00:00:00','0000-00-00 00:00:00'),(461,21601,'21600016','C420000166-002','LIQUIDO DESTAPACAÑOS','LITRO',75.33,'NO',1,'0000-00-00 00:00:00','0000-00-00 00:00:00'),(462,21101,'21100026','C210000024-030','MARCADOR DE CERA TIPO LAPIZ CON CUBIERTA DESPRENDIBLE CONFORME SE USA COLOR ROJO.','PIEZA',7.75,'NO',1,'0000-00-00 00:00:00','0000-00-00 00:00:00'),(463,21101,'21100026','C210000024-084','MARCADOR PARA CD Y DVD COLOR NEGRO','CAJA',75.00,'NO',1,'0000-00-00 00:00:00','0000-00-00 00:00:00'),(464,21101,'21100026','C210000024-110','MARCADOR PARA PIZARRON BLANCO  C/10 PIEZAS  COLORES SURTIDOS','CAJA',86.00,'NO',1,'0000-00-00 00:00:00','0000-00-00 00:00:00'),(465,21101,'21100202','C210000024-006','MARCADOR PERMANENTE CUERPO DE ALUMINIO RECARGABLE PUNTA DE CINCEL REVERSIBLE COMO REPUESTO TAPA C/ DE TINTA','PIEZA',72.00,'NO',1,'0000-00-00 00:00:00','0000-00-00 00:00:00'),(466,21101,'21100026','C210000024-006','MARCADOR TINTA PERMANENTE  PUNTA DE CINCEL BASE ALCOHOL COLOR AZUL.','PIEZA',3.95,'NO',1,'0000-00-00 00:00:00','0000-00-00 00:00:00'),(467,21101,'21100026','C210000024-008','MARCADOR TINTA PERMANENTE  PUNTA DE CINCEL BASE ALCOHOL COLOR ROJO.','PIEZA',3.95,'NO',1,'0000-00-00 00:00:00','0000-00-00 00:00:00'),(468,21101,'21100026','C210000024-033','MARCADOR TINTA PERMANENTE  PUNTA DE CINCEL BASE ALCOHOL COLOR VERDE.','PIEZA',3.95,'NO',1,'0000-00-00 00:00:00','0000-00-00 00:00:00'),(469,21101,'21100026','C210000024-007','MARCADOR TINTA PERMANENTE PUNTA DE CINCEL BASE ALCOHOL COLOR NEGRO','PIEZA',3.95,'NO',1,'0000-00-00 00:00:00','0000-00-00 00:00:00'),(470,21101,'21100026','C210000024-031','MARCADORES P/PIZARRON ACRILICO CON 4 PIEZAS.','ESTUCHE',44.50,'NO',1,'0000-00-00 00:00:00','0000-00-00 00:00:00'),(471,21101,'21100026','C210000024-010','MARCATEXTOS FLORESCENTE TINTA BASE DE AGUA PUNTA DE CINCEL  TAPA AL COLOR DE LA TINTA COLOR AMARILLO','PIEZA',3.80,'NO',1,'0000-00-00 00:00:00','0000-00-00 00:00:00'),(472,21101,'21100026','C210000024-048','MARCATEXTOS FLORESCENTE TINTA BASE DE AGUA PUNTA DE CINCEL  TAPA AL COLOR DE LA TINTA COLOR CELESTE','PIEZA',3.80,'NO',1,'0000-00-00 00:00:00','0000-00-00 00:00:00'),(473,21101,'21100026','C210000024-049','MARCATEXTOS FLORESCENTE TINTA BASE DE AGUA PUNTA DE CINCEL  TAPA AL COLOR DE LA TINTA COLOR NARANJA','PIEZA',3.80,'NO',1,'0000-00-00 00:00:00','0000-00-00 00:00:00'),(474,21101,'21100026','C210000024-025','MARCATEXTOS FLORESCENTE TINTA BASE DE AGUA PUNTA DE CINCEL  TAPA AL COLOR DE LA TINTA COLOR VERDE','PIEZA',3.80,'NO',1,'0000-00-00 00:00:00','0000-00-00 00:00:00'),(475,21101,'21100026','C210000024-024','MARCATEXTOS FLORESCENTE TINTA BASE DE AGUA PUNTA DE CINCEL TAPA  AL COLOR DE LA TINTA COLOR ROSA','PIEZA',3.80,'NO',1,'0000-00-00 00:00:00','0000-00-00 00:00:00'),(476,22104,'22100113','C600000002-001','MAYONESA FRASCO DE 320 GRS.','FRASCO',27.00,'NO',1,'0000-00-00 00:00:00','0000-00-00 00:00:00'),(477,22103,'22100113','C600000002-001','MAYONESA FRASCO DE 320 GRS.','FRASCO',27.00,'NO',1,'0000-00-00 00:00:00','0000-00-00 00:00:00'),(478,29401,'29400025','(C870000062-002)','MEMORIA PORTATIL  MICRO SD DE 16 GB. DE CAPACIDAD C/ ADAPTADOR','PZA.',118.00,'NO',1,'0000-00-00 00:00:00','0000-00-00 00:00:00'),(479,29401,'29400025','(C870000062-005)','MEMORIA PORTATIL  MICRO SD DE 32 GB. DE CAPACIDAD C/ ADAPTADOR','PZA.',205.00,'NO',1,'0000-00-00 00:00:00','0000-00-00 00:00:00'),(480,29401,'29400025','(C870000062-001)','MEMORIA PORTATIL  MICRO SD DE 8 GB. DE CAPACIDAD C/ ADAPTADOR','PZA.',90.00,'NO',1,'0000-00-00 00:00:00','0000-00-00 00:00:00'),(481,21401,'21400007','(C870000010-004)','MEMORIA USB 16 GB KINGSTON  MOD. DTS8','PZA.',135.00,'NO',1,'0000-00-00 00:00:00','0000-00-00 00:00:00'),(482,21401,'21400007','(C870000010-005)','MEMORIA USB 32 GB KINGSTON MOD. DTS8','PZA.',321.00,'NO',1,'0000-00-00 00:00:00','0000-00-00 00:00:00'),(483,21401,'21400007','(C870000010-003)','MEMORIA USB 8 GB KINGSTON MOD. DTS8','PZA.',115.00,'NO',1,'0000-00-00 00:00:00','0000-00-00 00:00:00'),(484,21101,'NO REGIS.','0000000000-000','MICA TRANSPARENTE PORTAGAFETE 11X 8.5 CMS. MOD.100','PIEZA',19.44,'NO',1,'0000-00-00 00:00:00','0000-00-00 00:00:00'),(485,21101,'21100140','C660200048-026','MICAS  AUTOADHERIBLES.','PLIEGO',8.25,'NO',1,'0000-00-00 00:00:00','0000-00-00 00:00:00'),(486,21101,'21100028','C210000026-005','MICAS TRANSPARENTES 110 X 155 CM','PAQUETE',85.00,'NO',1,'0000-00-00 00:00:00','0000-00-00 00:00:00'),(487,21101,'21100140','C660200048-006','MICAS TRANSPARENTES 65 X 95 CM','PAQUETE',31.25,'NO',1,'0000-00-00 00:00:00','0000-00-00 00:00:00'),(488,21101,'21100140','C660200048-005','MICAS TRANSPARENTES 80 X 115 CM','PAQUETE',71.95,'NO',1,'0000-00-00 00:00:00','0000-00-00 00:00:00'),(489,21101,'21100181','C210000192-001','MINAS 0.5 MM. H.B. TUBO CON 12 PZAS.','TUBO',4.35,'NO',1,'0000-00-00 00:00:00','0000-00-00 00:00:00'),(490,21101,'21100181','C210000192-002','MINAS DE 0.7 MM H.B. C/12 PUNTILLAS.','TUBO',4.35,'NO',1,'0000-00-00 00:00:00','0000-00-00 00:00:00'),(491,21101,'21100076','C210000284-005','MINI CORRECTOR ROLLER BALL TIPO PLUMA PUNTA RODANTE 1.00 MM SECADO CASI AL INSTANTANEO MAXIMA LIMPIEZA Y PRECISION AL CORREGIR PRACTICO TAMAÑO FACIL DE LLEVAR','PIEZA',13.95,'NO',1,'0000-00-00 00:00:00','0000-00-00 00:00:00'),(492,29401,'29400027','(C870000086-006)','MINI MOUSE OPTICO RETRACTIL USB P/LAPTOP','PZA.',95.00,'NO',1,'0000-00-00 00:00:00','0000-00-00 00:00:00'),(493,21101,'NO REGIS.','0000000000-000','MINICUBO 2X2 COLOR NEON','PIEZA',13.50,'NO',1,'0000-00-00 00:00:00','0000-00-00 00:00:00'),(494,21101,'NO REGIS.','0000000000-000','MINICUBO 2X2 COLOR PASTEL','PIEZA',9.50,'NO',1,'0000-00-00 00:00:00','0000-00-00 00:00:00'),(495,29401,'NO','(0000000000-000)','MODULO DE MEMORIA RAM DDR-2 BUS 667 DE 2 GB DE CAPACIDAD','PZA.',668.00,'NO',1,'0000-00-00 00:00:00','0000-00-00 00:00:00'),(496,29401,'NO','(0000000000-000)','MODULO DE MEMORIA RAM DDR-3 1333 DE 2GB DE CAPACIDAD','PZA.',450.00,'NO',1,'0000-00-00 00:00:00','0000-00-00 00:00:00'),(497,29401,'NO','(0000000000-000)','MODULO DE MEMORIA RAM DDR-3. 1 333 DE 8 GB. DE CAP.','PZA.',999.99,'NO',1,'0000-00-00 00:00:00','0000-00-00 00:00:00'),(498,29401,'NO','(0000000000-000)','MODULO DE MEMORIA SODIM 1333 DDR-3 DE 2GB P/LAPTOP','PZA.',368.00,'NO',1,'0000-00-00 00:00:00','0000-00-00 00:00:00'),(499,29401,'NO','(0000000000-000)','MODULO DE MEMORIA SODIM 1333 DDR-3 DE 4GB P/LAPTOP','PZA.',687.00,'NO',1,'0000-00-00 00:00:00','0000-00-00 00:00:00'),(500,22104,'22100113','C600000002-002','MOSTAZA DE 210 GRS.','FRASCO',14.00,'NO',1,'0000-00-00 00:00:00','0000-00-00 00:00:00'),(501,22103,'22100113','C600000002-002','MOSTAZA DE 210 GRS.','FRASCO',14.00,'NO',1,'0000-00-00 00:00:00','0000-00-00 00:00:00'),(502,29401,'29400027','(C870000084-004)','MOUSE OPTICO C/ NETSCROLL USB','PZA.',97.00,'NO',1,'0000-00-00 00:00:00','0000-00-00 00:00:00'),(503,21101,'21100100','C450000010-005','NAVAJAS PARA CORTADOR EXACTO ANGOSTO C/10 PZAS.','ESTUCHE',4.80,'NO',1,'0000-00-00 00:00:00','0000-00-00 00:00:00'),(504,21101,'NO REGIS.','0000000000-000','NOTITEK 1 1/2 IN COLOR PASTEL NK 653','PIEZA',30.00,'NO',1,'0000-00-00 00:00:00','0000-00-00 00:00:00'),(505,21101,'NO REGIS.','0000000000-000','NOTITEK 3X3 76X76 MOD. 654','PIEZA',6.10,'NO',1,'0000-00-00 00:00:00','0000-00-00 00:00:00'),(506,21601,'21600041','C660200018-001','PAÑUELOS FACIALES DESECHABLES C/90 HOJAS DOBLES','CAJA',19.80,'NO',1,'0000-00-00 00:00:00','0000-00-00 00:00:00'),(507,21101,'21100144','C660400032-001','PAPEL ALBANENE DE 50 MTS. X 1.10 95 GRS.','ROLLO',680.70,'NO',1,'0000-00-00 00:00:00','0000-00-00 00:00:00'),(508,21101,'21100144','C660400032-002','PAPEL ALBANENE OPACO DE 91 X 50 MTS.','ROLLO',680.70,'NO',1,'0000-00-00 00:00:00','0000-00-00 00:00:00'),(509,21101,'21100147','C210000244-011','PAPEL BOND BLANCO .91MTS. X 50 MTS.','ROLLO',168.70,'NO',1,'0000-00-00 00:00:00','0000-00-00 00:00:00'),(510,21101,'21100147','C210000244-012','PAPEL BOND BLANCO DE .91X.50  CMS.','ROLLO',168.70,'NO',1,'0000-00-00 00:00:00','0000-00-00 00:00:00'),(511,21101,'21100147','C210000244-068','PAPEL BOND MILIMETRICO T/CARTA NARANJA','BLOCK',13.75,'NO',1,'0000-00-00 00:00:00','0000-00-00 00:00:00'),(512,21101,'NO REGIS.','0000000000-000','PAPEL BOND MILIMETRICO T/OFICIO','BLOCK',18.50,'NO',1,'0000-00-00 00:00:00','0000-00-00 00:00:00'),(513,21101,'21100134','C660400028-001','PAPEL CARBON T/CARTA','BLOCK',41.25,'NO',1,'0000-00-00 00:00:00','0000-00-00 00:00:00'),(514,21101,'21100140','C660200048-027','PAPEL CONTAC COLOR AMARILLO 20 MTS.','ROLLO',128.50,'NO',1,'0000-00-00 00:00:00','0000-00-00 00:00:00'),(515,21101,'NO REGIS.','0000000000-000','PAPEL CONTAC COLOR ROJO DE 20 MTS.','ROLLO',128.50,'NO',1,'0000-00-00 00:00:00','0000-00-00 00:00:00'),(516,21101,'NO REGIS.','0000000000-000','PAPEL CONTAC COLOR VERDE DE 20 MTS.','ROLLO',128.50,'NO',1,'0000-00-00 00:00:00','0000-00-00 00:00:00'),(517,21101,'NO REGIS.','0000000000-000','PAPEL CONTAC COLOR VERDE DE 20 MTS.','ROLLO',128.50,'NO',1,'0000-00-00 00:00:00','0000-00-00 00:00:00'),(518,21101,'21100140','C660200048-036','PAPEL CONTAC TRANSPARENTE DE 20 MTS.','ROLLO',76.50,'NO',1,'0000-00-00 00:00:00','0000-00-00 00:00:00'),(519,21601,'21600041','C660200018-019','PAPEL HIGIENICO BLANCO  C/ 250 HOJAS DOBLES DE 11 X 9.8 CMS. FABRICADO EN PAPEL 100% DEGRADABLE PAQUETE CON 4 ROLLOS','ROLLO',17.00,'NO',1,'0000-00-00 00:00:00','0000-00-00 00:00:00'),(520,21601,'21600041','C660200018-016','PAPEL HIGIENICO EN BOBINA HOJA DOBLE DE 10 CMS. DE ANCHO 500 MTS. DE LARGO FABRICADO EN CELULOSA DE BUENA CALIDAD.','ROLLO',104.37,'NO',1,'0000-00-00 00:00:00','0000-00-00 00:00:00'),(521,21101,'21100044','C660400010-001','PAPEL MANILA 70X95','PLIEGO',1.35,'NO',1,'0000-00-00 00:00:00','0000-00-00 00:00:00'),(522,21101,'NO REGIS.','0000000000-000','PAPEL MILIMETRICO DE 1.10 X 50 MTS.','ROLLO',999.99,'NO',1,'0000-00-00 00:00:00','0000-00-00 00:00:00'),(523,21101,'21100147','C660400032-007','PAPEL MILIMETRICO OPACO DE 1.10 X 50 MTS.','ROLLO',493.90,'NO',1,'0000-00-00 00:00:00','0000-00-00 00:00:00'),(524,21101,'21100147','C210000244-014','PAPEL OPALINA T/CARTA c/100 HOJAS','PAQUETE',28.95,'NO',1,'0000-00-00 00:00:00','0000-00-00 00:00:00'),(525,21101,'21100048','C660400012-001','PAPEL OPALINA TAMAÑO OFICIO C/100','PAQUETE',39.50,'NO',1,'0000-00-00 00:00:00','0000-00-00 00:00:00'),(526,21101,'21100133','C660400026-010','PAPEL ORIGINAL PARA FOTOCOPIADORA TAMAÑO CARTA. 75 GRS. DE 90 A 92% BLANCURA','MILLAR',89.90,'NO',1,'0000-00-00 00:00:00','0000-00-00 00:00:00'),(527,21101,'21100133','C660400026-014','PAPEL ORIGINAL PARA FOTOCOPIADORA TAMAÑO OFICIO DE. 75 GRS.DE 90 A 92% BLANCURA','MILLAR',133.00,'NO',1,'0000-00-00 00:00:00','0000-00-00 00:00:00'),(528,21101,'21100145','C660200020-003','PAPEL P/ENVOLTURA DE 20 KILOS','ROLLO',559.50,'NO',1,'0000-00-00 00:00:00','0000-00-00 00:00:00'),(529,21101,'21100146','C210000248-002','PAPEL PARA FAX DE 30 MTS.','ROLLO',19.95,'NO',1,'0000-00-00 00:00:00','0000-00-00 00:00:00'),(530,21101,'21100147','(C210000244-018)','PAPEL S041141-ML EPSON 8.5 X11 T/ CARTA FOTOGRAFICO','PZA.',206.00,'NO',1,'0000-00-00 00:00:00','0000-00-00 00:00:00'),(531,21101,'21100147','C210000244-001','PAPEL TAMAÑO CARTA RECICLADO','MILLAR',97.00,'NO',1,'0000-00-00 00:00:00','0000-00-00 00:00:00'),(532,21101,'21100147','C210000244-002','PAPEL TAMAÑO OFICIO RECICLADO','MILLAR',130.00,'NO',1,'0000-00-00 00:00:00','0000-00-00 00:00:00'),(533,2,'NO REGIS.','0000000000-000','PASTA BLANCA LIBRE DE ACIDO OXALICO','KILO',64.61,'NO',1,'0000-00-00 00:00:00','0000-00-00 00:00:00'),(534,21101,'21100080','C210000234-007','PASTA PARA ENGARGOLAR T/CARTA RAYADA TRANSPARENTE C/25 JGS.','PAQUETE',64.50,'NO',1,'0000-00-00 00:00:00','0000-00-00 00:00:00'),(535,22103,'22100005','C601400008-002','PASTA SURTIDA PAQUETE C/20 BOLSAS DE 200 GRS.','PAQUETE',97.00,'NO',1,'0000-00-00 00:00:00','0000-00-00 00:00:00'),(536,21101,'C210000234','C210000234-023','PASTAS PARA ENGARGOLAR TAMAÑO CARTA DE PLASTICO.','JUEGO',2.59,'NO',1,'0000-00-00 00:00:00','0000-00-00 00:00:00'),(537,21101,'C210000234','C210000234-005','PASTAS PARA ENGARGOLAR TAMAÑO OFICIO COLOR AZUL','JUEGO',4.90,'NO',1,'0000-00-00 00:00:00','0000-00-00 00:00:00'),(538,21101,'21100154','C210000238-009','PEGAMENTO BLANCO DE 250 GRS.','PIEZA',11.50,'NO',1,'0000-00-00 00:00:00','0000-00-00 00:00:00'),(539,21101,'NO REGIS.','0000000000-000','PEGAMENTO INSTANTANEO LISTO PARA USARSE SIN MANCHAS SIN PROBLEMAS PEGA PLASTICO-METALES-HULE-CERAMICA-PORCELANA-UÑAS-CRISTAL Y MUCHO MAS','PIEZA',13.95,'NO',1,'0000-00-00 00:00:00','0000-00-00 00:00:00'),(540,21101,'21100154','C210000238-013','PEGAMENTO TRANSPARENTE PEGATODO DE  100 ML No. 14.','TUBO',55.00,'NO',1,'0000-00-00 00:00:00','0000-00-00 00:00:00'),(541,21101,'21100155','C210000148-003','PERFORADORA 2 ORIFICIOS MOD. DP-101','PIEZA',60.00,'NO',1,'0000-00-00 00:00:00','0000-00-00 00:00:00'),(542,21101,'21100155','C210000148-002','PERFORADORA 2 ORIFICIOS MOD. DP-103','PIEZA',99.00,'NO',1,'0000-00-00 00:00:00','0000-00-00 00:00:00'),(543,21101,'21100155','C210000148-004','PERFORADORA 3 ORIFICIOS MOD. DP-102','PIEZA',99.50,'NO',1,'0000-00-00 00:00:00','0000-00-00 00:00:00'),(544,21101,'21100155','C210000148-002','PERFORADORA DE USO RUDO MO. 800','PIEZA',326.00,'NO',1,'0000-00-00 00:00:00','0000-00-00 00:00:00'),(545,21101,'C210000042','C210000042-019','PINZA SUJETADOCUMENTOS DE 15 MM','CAJA',9.50,'NO',1,'0000-00-00 00:00:00','0000-00-00 00:00:00'),(546,21101,'C210000042','C210000042-018','PINZA SUJETADOCUMENTOS DE 19 MM','CAJA',10.50,'NO',1,'0000-00-00 00:00:00','0000-00-00 00:00:00'),(547,21101,'C210000042','C210000042-022','PINZA SUJETADOCUMENTOS DE 25 MM','CAJA',13.50,'NO',1,'0000-00-00 00:00:00','0000-00-00 00:00:00'),(548,21101,'C210000042','C210000042-021','PINZA SUJETADOCUMENTOS DE 32 MM','CAJA',19.50,'NO',1,'0000-00-00 00:00:00','0000-00-00 00:00:00'),(549,21101,'NO REGIS.','0000000000-000','PINZA SUJETADOCUMENTOS DE 41 MM','CAJA',26.50,'NO',1,'0000-00-00 00:00:00','0000-00-00 00:00:00'),(550,21101,'NO REGIS.','0000000000-000','PINZA SUJETADOCUMENTOS DE 50 MM','CAJA',39.50,'NO',1,'0000-00-00 00:00:00','0000-00-00 00:00:00'),(551,21101,'21100228','C660200042-002','PLATOS DESECHABLES DE PLASTICO LISO COLOR BLANCO C/20 BIODEGRADABLES','PAQUETE',10.00,'NO',1,'0000-00-00 00:00:00','0000-00-00 00:00:00'),(552,21101,'21100105','C660200042-001','PLATOS DESECHABLES DE PLASTICO LISO COLOR BLANCO C/25 BIODEGRADABLES','PAQUETE',23.40,'NO',1,'0000-00-00 00:00:00','0000-00-00 00:00:00'),(553,21101,'NO REGIS.','0000000000-000','PLUMA CORRECTORA DE FORMULA BASE SOLVENTE Y PUNTA METALICA DE ACERO INOXIDABLE SIN OLOR SECADO RAPIDO 7ML','PIEZA',12.25,'NO',1,'0000-00-00 00:00:00','0000-00-00 00:00:00'),(554,21101,'21100106','C660800004-001','POLIZA DE CHEQUE TAMAÑO 1/2 OFICIO','BLOCK',8.50,'NO',1,'0000-00-00 00:00:00','0000-00-00 00:00:00'),(555,21101,'21100106','C660800004-002','POLIZA DE CHEQUE TAMAÑO CARTA','BLOCK',9.95,'NO',1,'0000-00-00 00:00:00','0000-00-00 00:00:00'),(556,21101,'21100106','C660800004-003','POLIZAS DE CHEQUE T/CARTA C/PAPEL CARBON INTEGRADO.','BLOCK',46.00,'NO',1,'0000-00-00 00:00:00','0000-00-00 00:00:00'),(557,21101,'21100170','C210000092-001','PORTA CLIPS MAGNETICO ACRILICO COLOR HUMO CAPACIDAD MAS DE 100 CLIPS.','PIEZA',12.50,'NO',1,'0000-00-00 00:00:00','0000-00-00 00:00:00'),(558,21101,'21100040','C210000032-030','PORTA DOCUMENTOS CON EXPANSION DE HULE DE 8 CMS. CON CIERRE ELASTICO FUELLE. A PRUEBA DE AGUA. ORILLAS FORRADAS DE TELA Y CIERRE ELASTICO. COLORES AZUL Y HUMO.','PIEZA',87.50,'NO',1,'0000-00-00 00:00:00','0000-00-00 00:00:00'),(559,21101,'21100029','C210000102-002','PORTAFOLIO DE PIEL GENUINA TAMAÑO CARTA','PIEZA',363.00,'NO',1,'0000-00-00 00:00:00','0000-00-00 00:00:00'),(560,21101,'21100029','C210000102-004','PORTAFOLIO DE PIEL GENUINA TAMAÑO OFICIO','PIEZA',363.00,'NO',1,'0000-00-00 00:00:00','0000-00-00 00:00:00'),(561,21101,'21100271','C210000240-006','PORTAGAFETE ACRILICO 6X9 CON CAIMAN MODELO 1001','PIEZA',14.95,'NO',1,'0000-00-00 00:00:00','0000-00-00 00:00:00'),(562,21101,'21100271','C210000240-002','PORTAGAFETE ACRILICO 6X9 CON CAIMAN MODELO 1002','PIEZA',14.95,'NO',1,'0000-00-00 00:00:00','0000-00-00 00:00:00'),(563,21101,'21100173','C210000098-005','PORTAMINA RECTRATIL CUERPO NEGRO Y GOMA DE BORRAR INTEGRADA CON MECANISMO GIRATORIO 0.5 ML. CON CLIP Y PUNTA METALICA CROMADO','PIEZA',65.00,'NO',1,'0000-00-00 00:00:00','0000-00-00 00:00:00'),(564,21101,'21100173','C210000098-003','PORTAMINA RETRACTIL RECARGABLE CUERPO DE METAL Y GRIP DE HULE DE 0.5 ML.','PIEZA',26.00,'NO',1,'0000-00-00 00:00:00','0000-00-00 00:00:00'),(565,21101,'NO REGIS.','0000000000-000','PORTAPLANOS PROFESIONAL','PIEZA',53.00,'NO',1,'0000-00-00 00:00:00','0000-00-00 00:00:00'),(566,21101,'21100025','C660200006-052','POST-IT  COLOR PASTEL','PIEZA',19.50,'NO',1,'0000-00-00 00:00:00','0000-00-00 00:00:00'),(567,21101,'21100026','C660200006-097','POST-IT SEPARADORES DIFERENTES COLORES','PAQUETE',28.50,'NO',1,'0000-00-00 00:00:00','0000-00-00 00:00:00'),(568,21101,'21100202','C660200028-001','PROTECTOR PARA HOJA T/CTA. PLASTICO CRISTAL CON PERFORACIONES PARA REGISTRADOR Y CARPETA DE ARGOLLAS CON 100 PZAS.','CAJA',39.50,'NO',1,'0000-00-00 00:00:00','0000-00-00 00:00:00'),(569,21601,'21600051','C420000122-002','RECOGEDOR DE BASURA METALICO C/BASTON','PIEZA',27.07,'NO',1,'0000-00-00 00:00:00','0000-00-00 00:00:00'),(570,22104,'22100245','C600600022-024','REFRESCO DE DIFERENTES SABORES BOTELLA DE 1 LITRO PAQUETE CON 12 PIEZAS','PAQUETE',194.00,'NO',1,'0000-00-00 00:00:00','0000-00-00 00:00:00'),(571,22103,'22100245','C600600022-024','REFRESCO DE DIFERENTES SABORES BOTELLA DE 1 LITRO PAQUETE CON 12 PIEZAS','PAQUETE',194.00,'NO',1,'0000-00-00 00:00:00','0000-00-00 00:00:00'),(572,22104,'22100245','C600600022-022','REFRESCO DE DIFERENTES SABORES BOTELLA DE 600 ML CON 12 PIEZAS','PAQUETE',123.00,'NO',1,'0000-00-00 00:00:00','0000-00-00 00:00:00'),(573,22103,'22100245','C600600022-022','REFRESCO DE DIFERENTES SABORES BOTELLA DE 600 ML CON 12 PIEZAS','PAQUETE',123.00,'NO',1,'0000-00-00 00:00:00','0000-00-00 00:00:00'),(574,22104,'22100245','C600600022-012','REFRESCO DIFERENTES SABORES DE 2.5 LITROS PAQUETE CON 8 PIEZAS','PAQUETE',188.00,'NO',1,'0000-00-00 00:00:00','0000-00-00 00:00:00'),(575,22103,'22100245','C600600022-012','REFRESCO DIFERENTES SABORES DE 2.5 LITROS PAQUETE CON 8 PIEZAS','PAQUETE',188.00,'NO',1,'0000-00-00 00:00:00','0000-00-00 00:00:00'),(576,22104,'22100245','C600600022-027','REFRESCO DIFERENTES SABORES DE 3 LITROS PAQUETE CON 8 PIEZAS','PAQUETE',219.00,'NO',1,'0000-00-00 00:00:00','0000-00-00 00:00:00'),(577,22103,'22100245','C600600022-027','REFRESCO DIFERENTES SABORES DE 3 LITROS PAQUETE CON 8 PIEZAS','PAQUETE',219.00,'NO',1,'0000-00-00 00:00:00','0000-00-00 00:00:00'),(578,22104,'22100245','C600600022-001','REFRESCO EN LATAS DE 355 ML. PAQUETE CON 24 PIEZAS','PAQUETE',141.00,'NO',1,'0000-00-00 00:00:00','0000-00-00 00:00:00'),(579,22103,'22100245','C600600022-001','REFRESCO EN LATAS DE 355 ML. PAQUETE CON 24 PIEZAS','PAQUETE',141.00,'NO',1,'0000-00-00 00:00:00','0000-00-00 00:00:00'),(580,21101,'21100041','C660200004-009','REGISTRADOR TAMAÑO CARTA CON MECANISMO NIQUELADO DE PRECISION CON REFUERZOS EN LOS BORDES. RANURAS EN LA CUBIERTA PARA MAYOR CAPACIDAD Y ESTABILIDAD. LOMO DE COLOR CON VENTANA PERSONALIZABLE Y ETIQUETA','PIEZA',24.50,'NO',1,'0000-00-00 00:00:00','0000-00-00 00:00:00'),(581,21101,'21100041','C660200004-010','REGISTRADOR TAMAÑO CARTA FORRADO EN PAPEL BOND DE 75 GRS. ELABORADO EN CARTON DE PRIMERA DE 4.5 PUNTOS MECANISMO NIQUELADO DE PALANCA (TIPO COLA DE RATON)','PIEZA',16.95,'NO',1,'0000-00-00 00:00:00','0000-00-00 00:00:00'),(582,21101,'21100041','C660200004-005','REGISTRADOR TAMAÑO OFICIO FORRADO EN PAPEL BOND DE 75 GRS. ELABORADO EN CARTON DE PRIMERA DE 4.5 PUNTOS MECANISMO NIQUELADO DE PALANCA (TIPO COLA DE RATON)','PIEZA',19.50,'NO',1,'0000-00-00 00:00:00','0000-00-00 00:00:00'),(583,21101,'21100184','C450000028-001','REGLA EJECUTIVA METALICA DE 30 CMS.','PIEZA',9.80,'NO',1,'0000-00-00 00:00:00','0000-00-00 00:00:00'),(584,21101,'21100184','C450000028-003','REGLA METALICA DE 50 CMS.','PIEZA',21.50,'NO',1,'0000-00-00 00:00:00','0000-00-00 00:00:00'),(585,29401,'29400031','(C870000110-001)','REGULADOR DE VOLTAJE DE 2000 VA. CON INDICADOR DE VOLTAJE','PZA.',565.00,'NO',1,'0000-00-00 00:00:00','0000-00-00 00:00:00'),(586,21101,'21100100','C450000010-006','REPUESTO P/CUTTER ANCHO C/10 PZAS.','ESTUCHE',7.25,'NO',1,'0000-00-00 00:00:00','0000-00-00 00:00:00'),(587,21101,'21100154','C210000238-004','RESISTOL 850 DE 1 LITRO','PIEZA',79.95,'NO',1,'0000-00-00 00:00:00','0000-00-00 00:00:00'),(588,21101,'21100154','C210000238-002','RESISTOL DE 850 DE 225 GRS.','PIEZA',28.50,'NO',1,'0000-00-00 00:00:00','0000-00-00 00:00:00'),(589,21101,'21100147','(C210000244-020)','ROLLO DE PAPEL DE 36\" X 30 MTS  PHOTO P/PLOTTER','PZA.',999.99,'NO',1,'0000-00-00 00:00:00','0000-00-00 00:00:00'),(590,21101,'21100147','(C210000244-019)','ROLLO DE PAPEL DE 36\"X 50 MTS BOND P/PLOTTER','PZA.',238.00,'NO',1,'0000-00-00 00:00:00','0000-00-00 00:00:00'),(591,22104,'22100250','C600400080-002','SAL REFINADA BOLSA DE 1 KGS.','BOLSA',10.00,'NO',1,'0000-00-00 00:00:00','0000-00-00 00:00:00'),(592,22103,'22100250','C600400080-002','SAL REFINADA BOLSA DE 1 KGS.','BOLSA',10.00,'NO',1,'0000-00-00 00:00:00','0000-00-00 00:00:00'),(593,21101,'21100197','C210000242-009','SEPARADOR C/12 DIV. PESTAÑAS DE DIF. COLORES PARA CARPETA DE 3 ARGOLLAS SIN NUMERO','PAQUETE',23.00,'NO',1,'0000-00-00 00:00:00','0000-00-00 00:00:00'),(594,21101,'21100197','C210000242-016','SEPARADOR NUMERICO C/31 DIV. PESTAÑAS DE DIF. COLORES PARA CARPETA DE 3 ARGOLLAS','PAQUETE',36.25,'NO',1,'0000-00-00 00:00:00','0000-00-00 00:00:00'),(595,21101,'21100197','C210000242-015','SEPARADORES DE CARTULINA T/CARTA PARA CARPETA CON ARGOLLAS Y SISTEMA DE INDICE POR COLOR (NUMERICO) C/15 PZAS.','JUEGO',21.25,'NO',1,'0000-00-00 00:00:00','0000-00-00 00:00:00'),(596,21101,'21100197','C210000242-008','SEPARADORES DE CARTULINA T/CARTA PARA CARPETA DE ARGOLLAS Y SISTEMA DE INDICE POR COLOR (ALFABETICO).','JUEGO',29.95,'NO',1,'0000-00-00 00:00:00','0000-00-00 00:00:00'),(597,21101,'21100197','C210000242-006','SEPARADORES DE PLASTICO T/CARTA JUEGO CON 5 COLORES','PAQUETE',8.60,'NO',1,'0000-00-00 00:00:00','0000-00-00 00:00:00'),(598,21101,'21100199','C660200024-001','SERVLLETA DE PAPEL PAQUETE CON 500 PIEZAS','PAQUETE',25.82,'NO',1,'0000-00-00 00:00:00','0000-00-00 00:00:00'),(599,21101,'21100197','C660200028-024','SOBRE BOLSA ANTE CON RONDANA PAQ. C/10 PIEZAS T/CARTA','PAQUETE',23.00,'NO',1,'0000-00-00 00:00:00','0000-00-00 00:00:00'),(600,21101,'21100197','C660200028-048','SOBRE BOLSA ANTE CON RONDANA PAQ. C/10 PIEZAS T/ESQUELA','PAQUETE',18.00,'NO',1,'0000-00-00 00:00:00','0000-00-00 00:00:00'),(601,21101,'21100197','C660200028-039','SOBRE BOLSA ANTE CON RONDANA PAQ. C/10 PIEZAS T/MINISTRO','PAQUETE',36.00,'NO',1,'0000-00-00 00:00:00','0000-00-00 00:00:00'),(602,21101,'21100197','C660200028-031','SOBRE BOLSA ANTE CON RONDANA PAQ. C/10 PIEZAS T/OFICIO','PAQUETE',26.00,'NO',1,'0000-00-00 00:00:00','0000-00-00 00:00:00'),(603,21101,'21100197','C660200028-021','SOBRE DE PAPEL MANILA TIPO BOLSA TAMAÑO CARTA','PIEZA',1.35,'NO',1,'0000-00-00 00:00:00','0000-00-00 00:00:00'),(604,21101,'21100197','C660200028-034','SOBRE DE PAPEL MANILA TIPO BOLSA TAMAÑO DOBLE CARTA','PIEZA',5.30,'NO',1,'0000-00-00 00:00:00','0000-00-00 00:00:00'),(605,21101,'21100197','C660200028-040','SOBRE DE PAPEL MANILA TIPO BOLSA TAMAÑO OFICIO','PIEZA',1.60,'NO',1,'0000-00-00 00:00:00','0000-00-00 00:00:00'),(606,21101,'21100197','C660200028-038','SOBRE PAPEL MANILA TIPO BOLSA TAMAÑO ESQUELA','PIEZA',1.10,'NO',1,'0000-00-00 00:00:00','0000-00-00 00:00:00'),(607,21101,'21100202','C660200028-013','SOBRES BLANCOS T/OFICIO.','PIEZA',0.60,'NO',1,'0000-00-00 00:00:00','0000-00-00 00:00:00'),(608,21101,'21100202','C660200028-009','SOBRES BLANCOS TAMAÑO CARTA TAMAÑO CARTA CON VENTANA','PIEZA',0.53,'NO',1,'0000-00-00 00:00:00','0000-00-00 00:00:00'),(609,21101,'21100202','C660200028-030','SOBRES BLANCOS TAMAÑO OFICIO CON VENTANA','PIEZA',0.54,'NO',1,'0000-00-00 00:00:00','0000-00-00 00:00:00'),(610,21101,'21100202','C660200028-045','SOBRES DE PAPEL MANILA PARA SALARIO ( COIN ) C/50','PAQUETE',14.50,'NO',1,'0000-00-00 00:00:00','0000-00-00 00:00:00'),(611,21101,'21100202','C660200028-026','SOBRES DE PAPEL MANILA TAMAÑO LEGAL','PIEZA',3.25,'NO',1,'0000-00-00 00:00:00','0000-00-00 00:00:00'),(612,21101,'21100202','C660200028-006','SOBRES DE PAPEL MANILA TIPO BOLSA TAMAÑO RADIOGRAFIA.','PIEZA',5.30,'NO',1,'0000-00-00 00:00:00','0000-00-00 00:00:00'),(613,26102,'26100013','C510200024-001','SUMINISTRO DE COMBUSTIBLE 26102','LITRO',0.00,'NO',1,'0000-00-00 00:00:00','0000-00-00 00:00:00'),(614,26103,'26100013','C510200024-001','SUMINISTRO DE COMBUSTIBLE 26103','LITRO',0.00,'NO',1,'0000-00-00 00:00:00','0000-00-00 00:00:00'),(615,26104,'26100013','C510200024-001','SUMINISTRO DE COMBUSTIBLE 26104','LITRO',0.00,'NO',1,'0000-00-00 00:00:00','0000-00-00 00:00:00'),(616,26105,'26100013','C510200024-001','SUMINISTRO DE COMBUSTIBLE 26105','LITRO',0.00,'NO',1,'0000-00-00 00:00:00','0000-00-00 00:00:00'),(618,22104,'22100110','C601600004-003','SUSTITUTO DE CREMA PARA CAFÉ DE 930 GRS.','KG',101.00,'NO',1,'0000-00-00 00:00:00','0000-00-00 00:00:00'),(619,22103,'22100110','C601600004-003','SUSTITUTO DE CREMA PARA CAFÉ DE 930 GRS.','KG',101.00,'NO',1,'0000-00-00 00:00:00','0000-00-00 00:00:00'),(620,29401,'NO','(0000000000-000)','SWITCH FAST ETHERNET 10/100 DE 5 PUERTOS','PZA.',177.00,'NO',1,'0000-00-00 00:00:00','0000-00-00 00:00:00'),(621,29401,'NO','(0000000000-000)','SWITCH FAST ETHERNET 10/100 DE 8 PUERTOS','PZA.',211.00,'NO',1,'0000-00-00 00:00:00','0000-00-00 00:00:00'),(622,21101,'21100209','C210000114-002','TABLA ACRILICA','PIEZA',50.00,'NO',1,'0000-00-00 00:00:00','0000-00-00 00:00:00'),(623,21101,'21100025','C660200006-021','TABULARES 12 COLUMNAS CON CONCEPTO C/50 HJAS.','BLOCK',34.25,'NO',1,'0000-00-00 00:00:00','0000-00-00 00:00:00'),(624,21101,'21100025','C660200006-019','TABULARES 4 COLUMNAS CON CONCEPTO C/50 HJS.','BLOCK',15.50,'NO',1,'0000-00-00 00:00:00','0000-00-00 00:00:00'),(625,21101,'21100025','C660200006-020','TABULARES 6 COLUMNAS CON CONCEPTO C/50 HJS.','BLOCK',31.20,'NO',1,'0000-00-00 00:00:00','0000-00-00 00:00:00'),(626,21101,'NO REGIS.','0000000000-000','TABULARES DE 10 COLUMNAS CON CONCEPTO C/50 HOJAS','BLOCK',31.20,'NO',1,'0000-00-00 00:00:00','0000-00-00 00:00:00'),(627,21101,'NO REGIS.','0000000000-000','TABULARES DE 14 COLUMNAS CON CONCEPTO C/50 HOJAS','BLOCK',31.20,'NO',1,'0000-00-00 00:00:00','0000-00-00 00:00:00'),(628,21101,'NO REGIS.','0000000000-000','TABULARES DE 14 COLUMNAS SIN CONCEPTO T/DOBLE CARTA C/50','BLOCK',31.20,'NO',1,'0000-00-00 00:00:00','0000-00-00 00:00:00'),(629,21101,'NO REGIS.','0000000000-000','TABULARES DE 3 COLUMNAS CON CONCEPTO C/50 HOJAS','BLOCK',15.50,'NO',1,'0000-00-00 00:00:00','0000-00-00 00:00:00'),(630,21101,'NO REGIS.','0000000000-000','TABULARES DE 7 COLUMNAS SIN CONCEPTO T/CARTA C/50 HOJAS','BLOCK',32.50,'NO',1,'0000-00-00 00:00:00','0000-00-00 00:00:00'),(631,21101,'21100025','C660200006-062','TABULARES DE 8 COLUMNAS SIN CONCEPTO TAMAÑO CARTA C/50 HJAS.','BLOCK',32.50,'NO',1,'0000-00-00 00:00:00','0000-00-00 00:00:00'),(632,21101,'21100210','C210000224-004','TAJA LAPIZ (SACAPUNTAS ELECTRICO CON DEPOSITO PARA BASURA )','PIEZA',205.00,'NO',1,'0000-00-00 00:00:00','0000-00-00 00:00:00'),(633,21601,'21600012','C420000032-008','TAMBO DE PLASTICO AZUL DE 200 LTS. ABIERTO.','PIEZA',337.00,'NO',1,'0000-00-00 00:00:00','0000-00-00 00:00:00'),(634,29401,'NO','(0000000000-000)','TAMBOR 45456301 P/IMPRESORA OKI MOD. MPS-5501','PZA.',999.99,'NO',1,'0000-00-00 00:00:00','0000-00-00 00:00:00'),(635,29401,'NO','(0000000000-000)','TAMBOR MLT-R 116 P/IMPRESORA SAMSUNG MOD. 2625/2875','PZA.',999.99,'NO',1,'0000-00-00 00:00:00','0000-00-00 00:00:00'),(636,29401,'NO','(0000000000-000)','TAPETE P/ MOUSE','PZA.',22.00,'NO',1,'0000-00-00 00:00:00','0000-00-00 00:00:00'),(637,29401,'NO','(0000000000-000)','TAPETE P/MOUSE C/DESCANSA MUÑECA','PZA.',125.00,'NO',1,'0000-00-00 00:00:00','0000-00-00 00:00:00'),(638,21101,'21100213','C660200036-009','TARJETA BLANCAS DE 3X5 OPALINA C/100','PAQUETE',26.00,'NO',1,'0000-00-00 00:00:00','0000-00-00 00:00:00'),(639,21101,'21100213','C660200036-009','TARJETA BRISTOL 3X5 BLANCA C/100','PAQUETE',6.85,'NO',1,'0000-00-00 00:00:00','0000-00-00 00:00:00'),(640,21101,'21100213','C660200036-008','TARJETA BRISTOL 4X6 BLANCA C/100','PAQUETE',10.50,'NO',1,'0000-00-00 00:00:00','0000-00-00 00:00:00'),(641,21101,'21100213','C660200036-010','TARJETA BRISTOL 5X8 BLANCA C/100','PAQUETE',16.95,'NO',1,'0000-00-00 00:00:00','0000-00-00 00:00:00'),(642,29401,'29400040','(C870000096-002)','TARJETA DE RED INALAMBRICA USB DE 300 MBPS','PZA.',425.00,'NO',1,'0000-00-00 00:00:00','0000-00-00 00:00:00'),(643,21101,'21100213','C660200036-003','TARJETAS BLANCAS 1/2 CARTA DE OPALINA C/100 PZAS.','PAQUETE',40.00,'NO',1,'0000-00-00 00:00:00','0000-00-00 00:00:00'),(644,21101,'21100215','C210000270-001','TARJETERO DE PIEL COLOR NEGRO P/200 TARJETAS','PIEZA',117.50,'NO',1,'0000-00-00 00:00:00','0000-00-00 00:00:00'),(645,21101,'21100215','C210000270-004','TARJETERO IMITACION PIEL COLOR AZUL P/72 PIEZAS','PIEZA',38.50,'NO',1,'0000-00-00 00:00:00','0000-00-00 00:00:00'),(646,21101,'21100215','C210000270-001','TARJETERO TAMAÑO CARTA PARA TARJETAS DE PRESENTACION','PIEZA',117.50,'NO',1,'0000-00-00 00:00:00','0000-00-00 00:00:00'),(647,22104,'22100261','C571000034-014','TE DE MANZANILLA CAJA CON 25 BOLSITAS.','CAJA',40.00,'NO',1,'0000-00-00 00:00:00','0000-00-00 00:00:00'),(648,22103,'22100261','C571000034-014','TE DE MANZANILLA CAJA CON 25 BOLSITAS.','CAJA',40.00,'NO',1,'0000-00-00 00:00:00','0000-00-00 00:00:00'),(649,22103,'22100261','C571000034-008','TE VERDE SABOR MANDARINA CAJA CON 25 SOBRES','CAJA',40.00,'NO',1,'0000-00-00 00:00:00','0000-00-00 00:00:00'),(650,29401,'29400046','(C870000084-002)','TECLADO MULTIMEDIA ESPAÑOL USB','PZA.',155.00,'NO',1,'0000-00-00 00:00:00','0000-00-00 00:00:00'),(651,21101,'21100216','C210000180-002','TIJERA  EN ACERO FORJADO OVALADA DE 7 PULG.','PIEZA',82.00,'NO',1,'0000-00-00 00:00:00','0000-00-00 00:00:00'),(652,21101,'21100216','C210000180-003','TIJERA DELTA No. 6 PARA OFICINA','PIEZA',24.95,'NO',1,'0000-00-00 00:00:00','0000-00-00 00:00:00'),(653,21101,'21100216','C210000180-001','TIJERA GREKA PROVENSAL No. 5','PIEZA',22.00,'NO',1,'0000-00-00 00:00:00','0000-00-00 00:00:00'),(654,21101,'21100216','C210000180-005','TIJERAS GRANDES METALICAS DE 8 PULG','PIEZA',37.50,'NO',1,'0000-00-00 00:00:00','0000-00-00 00:00:00'),(655,21101,'21100218','C841000080-016','TINTA COLOP COLOR NEGRO','FRASCO',37.95,'NO',1,'0000-00-00 00:00:00','0000-00-00 00:00:00'),(656,21101,'21100218','C841000080-017','TINTA COLOP COLOR ROJO','FRASCO',37.95,'NO',1,'0000-00-00 00:00:00','0000-00-00 00:00:00'),(657,21101,'NO REGIS.','0000000000-000','TINTA PARA ESTILOGRAFOS COLOR NEGRO','FRASCO',55.00,'NO',1,'0000-00-00 00:00:00','0000-00-00 00:00:00'),(658,21101,'NO REGIS.','0000000000-000','TINTA PARA PLUMA FUENTE DE 60 ML. COLOR NEGRO','FRASCO',110.00,'NO',1,'0000-00-00 00:00:00','0000-00-00 00:00:00'),(659,21601,'21600041','C660200018-006','TOALLA EN ROLLO P/MANOS 25 CM * 244 CM','PIEZA',289.30,'NO',1,'0000-00-00 00:00:00','0000-00-00 00:00:00'),(660,21601,'21600052','C660200040-002','TOALLAS BLANCAS DE PAPEL INTERDOBLADAS PARA MANOS FAJILLA CON  250 PIEZAS.','PAQUETE',49.49,'NO',1,'0000-00-00 00:00:00','0000-00-00 00:00:00'),(661,21601,'21600052','C660200040-004','TOALLAS MAGITEL PAQUETE CON 5 PIEZA.','PAQUETE',15.94,'NO',1,'0000-00-00 00:00:00','0000-00-00 00:00:00'),(662,21401,'21400019','(C870000028-555)','TONER  52113701 NEGRO P/ IMPRESORA OKI  MOD B6100','PZA.',999.99,'NO',1,'0000-00-00 00:00:00','0000-00-00 00:00:00'),(663,21401,'NO','(0000000000-000)','TONER  BROTHER TN-1060 P/IMP-1512','PZA.',757.00,'NO',1,'0000-00-00 00:00:00','0000-00-00 00:00:00'),(664,21401,'21400019','(C870000028-988)','TONER  LEXMARK  X792X1YG AMARILLO  PARA X792','PZA.',999.99,'NO',1,'0000-00-00 00:00:00','0000-00-00 00:00:00'),(665,21401,'21900019','(C870000028-586)','TONER  ML-2150-D8 P/ IMPRESORA SAMSUNG MOD.ML 2151N. ML2152W. ML2150','PZA.',985.00,'NO',1,'0000-00-00 00:00:00','0000-00-00 00:00:00'),(666,21401,'21400019','(C870000028-955)','TONER  ML-2250-D5 P/ IMPRESORA SAMSUNG MOD.ML 2251-N','PZA.',999.99,'NO',1,'0000-00-00 00:00:00','0000-00-00 00:00:00'),(667,21401,'21900019','(C870000028-491)','TONER  Q2613X  ALTA CAPACIDAD P/ IMPRESORA HP LASERJET MOD. 1300','PZA.',999.99,'NO',1,'0000-00-00 00:00:00','0000-00-00 00:00:00'),(668,21401,'21400019','(C870000028-559)','TONER  TIPO C-6 . 42127401-AMARILLO ALTA CAPACIDAD P/ IMPRESORA OKI MOD.C5200','PZA.',999.99,'NO',1,'0000-00-00 00:00:00','0000-00-00 00:00:00'),(669,21401,'21900019','(C870000028-562)','TONER  TIPO C-6 . 42127404-NEGRO ALTA CAPACIDAD P/ IMPRESORA OKI MOD.C5200 COLOR','PZA.',999.99,'NO',1,'0000-00-00 00:00:00','0000-00-00 00:00:00'),(670,21401,'21900019','(C870000028-594)','TONER 106R01415 XEROX PHASER 3035','PZA.',999.99,'NO',1,'0000-00-00 00:00:00','0000-00-00 00:00:00'),(671,21401,'21900019','(C870000028-592)','TONER 109R00746 DE ALTO RENDIMIENTO P/ IMPRESORA XEROX LASER MOD. PHASER 3150','PZA.',999.99,'NO',1,'0000-00-00 00:00:00','0000-00-00 00:00:00'),(672,21401,'21900019','(C870000028-591)','TONER 113R00628 DE ALTO RENDIMIENTO P/ IMPRESORA XEROX  MOD. PHASER 4400','PZA.',999.99,'NO',1,'0000-00-00 00:00:00','0000-00-00 00:00:00'),(673,21401,'21900019','(C870000028-593)','TONER 113R00668  P/ IMPRESORA XEROX  MOD. PHASER 5500','PZA.',999.99,'NO',1,'0000-00-00 00:00:00','0000-00-00 00:00:00'),(674,21401,'21900019','(C870000028-571)','TONER 12A6835 P/ IMPRESORA  LEXMARK MOD. T520/','PZA.',999.99,'NO',1,'0000-00-00 00:00:00','0000-00-00 00:00:00'),(675,21401,'21900019','(C870000028-570)','TONER 12A7462 ALTA CAPACIDAD P/ IMPRESORA LEXMARK OPTRA MOD. T-630','PZA.',999.99,'NO',1,'0000-00-00 00:00:00','0000-00-00 00:00:00'),(676,21401,'21900019','(C870000028-156)','TONER 13T0101 ALTA CAPACIDAD P/ IMPRESORA OPTRA LEXMARK MOD. E312 DE 6000 PAGINAS','PZA.',999.99,'NO',1,'0000-00-00 00:00:00','0000-00-00 00:00:00'),(677,21401,'21400019','(8700000028-779)','TONER 41963001 AMARILLO P/ IMPRESORA OKI  MOD. C7100/7500/7550 COLOR','PZA.',999.99,'NO',1,'0000-00-00 00:00:00','0000-00-00 00:00:00'),(678,21401,'21400019','(C870000028-778)','TONER 41963002 MAGENTA P/ IMPRESORA OKI  MOD. C7100/7500/7550 COLOR','PZA.',999.99,'NO',1,'0000-00-00 00:00:00','0000-00-00 00:00:00'),(679,21401,'21400019','(C870000028-777)','TONER 41963003 CIAN P/ IMPRESORA OKI  MOD. C7100/7500/7550 COLOR','PZA.',999.99,'NO',1,'0000-00-00 00:00:00','0000-00-00 00:00:00'),(680,21401,'21400019','(C870000028-776)','TONER 41963004 NEGRO P/ IMPRESORA OKI  MOD C7100/7500/7550 COLOR.','PZA.',999.99,'NO',1,'0000-00-00 00:00:00','0000-00-00 00:00:00'),(681,21401,'21400019','(C870000028-556)','TONER 42102901 NEGRO P/IMPRESORA OKI MOD. B4300','PZA.',999.99,'NO',1,'0000-00-00 00:00:00','0000-00-00 00:00:00'),(682,21401,'NO','(0000000000-000)','TONER 44318601 YELLOW P/ IMPRESORA OKI C711-N','PZA.',999.99,'NO',1,'0000-00-00 00:00:00','0000-00-00 00:00:00'),(683,21401,'NO','(0000000000-000)','TONER 44318602 MAGENTA P/ IMPRESORA OKI C711-N','PZA.',999.99,'NO',1,'0000-00-00 00:00:00','0000-00-00 00:00:00'),(684,21401,'NO','(0000000000-000)','TONER 44318603 CYAN P/ IMPRESORA OKI C711-N','PZA.',999.99,'NO',1,'0000-00-00 00:00:00','0000-00-00 00:00:00'),(685,21401,'NO','(0000000000-000)','TONER 44318604 NEGRO P/ IMPRESORA OKI C711-N','PZA.',999.99,'NO',1,'0000-00-00 00:00:00','0000-00-00 00:00:00'),(686,21401,'NO','(0000000000-000)','TONER 45460501 P/IMP. MPS5501','PZA.',999.99,'NO',1,'0000-00-00 00:00:00','0000-00-00 00:00:00'),(687,21401,'21400019','(C870000028-557)','TONER 52116001 DE CAPACIDAD ESTANDAR P/IMPRESORA OKI MOD. B6500N','PZA.',999.99,'NO',1,'0000-00-00 00:00:00','0000-00-00 00:00:00'),(688,21401,'21400019','(C870000028-558)','TONER 52116002 DE ALTA CAPACIDAD P/IMPRESORA OKI MOD. B6500N','PZA.',999.99,'NO',1,'0000-00-00 00:00:00','0000-00-00 00:00:00'),(689,21401,'21900019','(C870000028-873)','TONER 92274A P/IMPRESORA HP MOD. LASERJET AP/AL','PZA.',999.99,'NO',1,'0000-00-00 00:00:00','0000-00-00 00:00:00'),(690,21401,'21900019','(C870000028-874)','TONER 92298A P/ IMPRESORA  H.P. MOD. LASERJET  4','PZA.',999.99,'NO',1,'0000-00-00 00:00:00','0000-00-00 00:00:00'),(691,21401,'21900019','(C870000028-508)','TONER AMARILLO C8552-A P/ IMPRESORA H P MOD. 9500','PZA.',999.99,'NO',1,'0000-00-00 00:00:00','0000-00-00 00:00:00'),(692,21401,'21900019','(C870000028-504)','TONER AMARILLO C9732-A P/ IMPRESORA H P MOD.5500/5550','PZA.',999.99,'NO',1,'0000-00-00 00:00:00','0000-00-00 00:00:00'),(693,21401,'21900019','(C870000028-875)','TONER C3903A P/ IMPRESORA H.P.MOD. LASER 5P/ 6MP','PZA.',999.99,'NO',1,'0000-00-00 00:00:00','0000-00-00 00:00:00'),(694,21401,'21900019','(C870000028-455)','TONER C4092A P/ IMPRESORAS LASER  H.P. MOD. 1100-A / 3200','PZA.',999.99,'NO',1,'0000-00-00 00:00:00','0000-00-00 00:00:00'),(695,21401,'21900019','(C870000028-868)','TONER C4127X ALTA CAPACIDAD P/ IMPRESORA LASER H.P. MOD. 4000 / 4050N','PZA.',999.99,'NO',1,'0000-00-00 00:00:00','0000-00-00 00:00:00'),(696,21401,'21900019','(C870000028-494)','TONER C4182X NEGRO P/ IMPRESORA H.P. MOD. 8100 /8150','PZA.',999.99,'NO',1,'0000-00-00 00:00:00','0000-00-00 00:00:00'),(697,21401,'21900019','(C870000028-441)','TONER C4191A NEGRO P/IMPRESORA HP COLOR MOD. 4500/4550','PZA.',999.99,'NO',1,'0000-00-00 00:00:00','0000-00-00 00:00:00'),(698,21401,'21900019','(C870000028-442)','TONER C4192A CIAN P/IMPRESORA HP COLOR MOD. 4500/4550','PZA.',999.99,'NO',1,'0000-00-00 00:00:00','0000-00-00 00:00:00'),(699,21401,'21900019','(C870000028-443)','TONER C4193A MAGENTA P/IMPRESORA HP COLOR MOD. 4500/4550','PZA.',999.99,'NO',1,'0000-00-00 00:00:00','0000-00-00 00:00:00'),(700,21401,'21900019','(C870000028-444)','TONER C4194A YELLOW P/IMPRESORA HP COLOR MOD. 4500/4550','PZA.',999.99,'NO',1,'0000-00-00 00:00:00','0000-00-00 00:00:00'),(701,21401,'21900019','(C870000028-496)','TONER C7115X ALTA CAPACIDAD P/IMPRESORA H.P. MOD.1000 /3300','PZA.',999.99,'NO',1,'0000-00-00 00:00:00','0000-00-00 00:00:00'),(702,21401,'21900019','(C870000028-033)','TONER C8543X P/IMPRESORA HP LASERJET M9050 MFP','PZA.',999.99,'NO',1,'0000-00-00 00:00:00','0000-00-00 00:00:00'),(703,21401,'21400019','(C870000028-123)','TONER CE310-A NEGRO P/IMPRESORA H.P. COLOR CP-1025','PZA.',999.99,'NO',1,'0000-00-00 00:00:00','0000-00-00 00:00:00'),(704,21401,'21400019','(C870000028-121)','TONER CE311-A CYAN P/IMPRESORA H.P. COLOR CP-1025','PZA.',999.99,'NO',1,'0000-00-00 00:00:00','0000-00-00 00:00:00'),(705,21401,'21400019','(C870000028-120)','TONER CE312-A YELLOW P/IMPRESORA H.P. COLOR CP-1025','PZA.',999.99,'NO',1,'0000-00-00 00:00:00','0000-00-00 00:00:00'),(706,21401,'21400019','(C870000028-122)','TONER CE313-A MAGENTA P/IMPRESORA H.P. COLOR CP-1025','PZA.',999.99,'NO',1,'0000-00-00 00:00:00','0000-00-00 00:00:00'),(707,21401,'21400019','(C870000028-137)','TONER CE-320AP/IMPRESORA H.P. MOD. CP1525','PZA.',999.99,'NO',1,'0000-00-00 00:00:00','0000-00-00 00:00:00'),(708,21401,'NO','(0000000000-000)','TONER CE400A BLACK P/IMPRESORA H.P.  LASERJET COLOR INTERPRICE MOD.500/M551','PZA.',999.99,'NO',1,'0000-00-00 00:00:00','0000-00-00 00:00:00'),(709,21401,'NO','(0000000000-000)','TONER CE401A CYANP/IMPRESORA H.P.  LASERJET COLOR INTERPRICE MOD.500/ M551','PZA.',999.99,'NO',1,'0000-00-00 00:00:00','0000-00-00 00:00:00'),(710,21401,'NO','(0000000000-000)','TONER CE402A YELLOWP/IMPRESORA H.P.  LASERJET COLOR INTERPRICE MOD.50/ M551','PZA.',999.99,'NO',1,'0000-00-00 00:00:00','0000-00-00 00:00:00'),(711,21401,'NO','(0000000000-000)','TONER CE403A MAGENTA P/IMPRESORA H.P.  LASERJET COLOR INTERPRICE MOD500/M551','PZA.',999.99,'NO',1,'0000-00-00 00:00:00','0000-00-00 00:00:00'),(712,21401,'NO','(0000000000-000)','TONER CE505X ALTA CAPACIDAD P/IMPRESORA H.P. MOD. P2055','PZA.',999.99,'NO',1,'0000-00-00 00:00:00','0000-00-00 00:00:00'),(713,21401,'21900019','(C870000028-507)','TONER CIAN C8551A  P/IMPRESORA  COLOR H P MOD.9500','PZA.',999.99,'NO',1,'0000-00-00 00:00:00','0000-00-00 00:00:00'),(714,21401,'21900019','(C870000028-503)','TONER CIAN C9731A  P/IMPRESORA H P MOD.5500/5550','PZA.',999.99,'NO',1,'0000-00-00 00:00:00','0000-00-00 00:00:00'),(715,21401,'21900019','(C870000028-499)','TONER CIAN Q2671A P/IMPRESORA H P MOD. 3500','PZA.',999.99,'NO',1,'0000-00-00 00:00:00','0000-00-00 00:00:00'),(716,21401,'21900019','(C870000028-175)','TONER CLT-C409S CYAN P/ IMPRESORA SAMSUNG MOD. CLX-6220FX. CLP-310','PZA.',685.00,'NO',1,'0000-00-00 00:00:00','0000-00-00 00:00:00'),(717,21401,'21900019','(C870000028-188)','TONER CLT-K409S NEGRO P/ IMPRESORA SAMSUNG MOD. CLX-6220FX. CLP-310','PZA.',750.00,'NO',1,'0000-00-00 00:00:00','0000-00-00 00:00:00'),(718,21401,'21900019','(C870000028-176)','TONER CLT-M409S MAGENTA P/ IMPRESORA SAMSUNG MOD. CLX-6220FX. CLP-310','PZA.',685.00,'NO',1,'0000-00-00 00:00:00','0000-00-00 00:00:00'),(719,21401,'21900019','(C870000028-187)','TONER CLT-Y409S AMARILLO P/ IMPRESORA SAMSUNG MOD. CLX-6220FX. CLP-310','PZA.',685.00,'NO',1,'0000-00-00 00:00:00','0000-00-00 00:00:00'),(720,21401,'21900019','(C870000028-564)','TONER CYAN 44315303 P/IMPRESORA OKI MOD. C610N','PZA.',999.99,'NO',1,'0000-00-00 00:00:00','0000-00-00 00:00:00'),(721,21401,'21900019','(C870000028-126)','TONER DE ALTA CAPACIDAD  Q6511 X P/ IMPRESORA HP LASERJET MOD. S/ 24000 /2410','PZA.',999.99,'NO',1,'0000-00-00 00:00:00','0000-00-00 00:00:00'),(722,21401,'21900019','(C870000028-129)','TONER HP CODIGO C4096A','PZA.',999.99,'NO',1,'0000-00-00 00:00:00','0000-00-00 00:00:00'),(723,21401,'21900019','(C870000028-396)','TONER HP LASER JET Q2610A NEGRO MODELO 2300','PZA.',999.99,'NO',1,'0000-00-00 00:00:00','0000-00-00 00:00:00'),(724,21401,'21400019','(C870000028-292)','TONER LEXMARK E260A11L NEGRO LEXMARK E-260DN / E360 / E460','PZA.',999.99,'NO',1,'0000-00-00 00:00:00','0000-00-00 00:00:00'),(725,21401,'21400019','(C870000028-162)','TONER MAGENTA 44315302 P/IMPRESORA OKI MOD. C610N','PZA.',999.99,'NO',1,'0000-00-00 00:00:00','0000-00-00 00:00:00'),(726,21401,'21400019','(C870000028-509)','TONER MAGENTA C8553-A P/ IMPRESORA H P MOD.  9500','PZA.',999.99,'NO',1,'0000-00-00 00:00:00','0000-00-00 00:00:00'),(727,21401,'21400019','(C870000028-505)','TONER MAGENTA C9733A P/ IMPRESORA H P MOD.  4650','PZA.',999.99,'NO',1,'0000-00-00 00:00:00','0000-00-00 00:00:00'),(728,21401,'21400019','(C870000028-501)','TONER MAGENTA Q2673A P/IMPRESORA H P MOD. 3500','PZA.',999.99,'NO',1,'0000-00-00 00:00:00','0000-00-00 00:00:00'),(729,21401,'21400019','(C870000028-180)','TONER ML 1710D3 P/ IMPRESORA SAMSUNG MOD. ML-1710','PZA.',999.99,'NO',1,'0000-00-00 00:00:00','0000-00-00 00:00:00'),(730,21401,'21400019','(C870000028-463)','TONER ML D209L P/IMPRESORA SAMSUNG MOD ML2855-ND','PZA.',999.99,'NO',1,'0000-00-00 00:00:00','0000-00-00 00:00:00'),(731,21401,'21400019','(C870000028-963)','TONER MLT- D105 L P/IMPRESORA SAMSUNG MOD ML1910 ML2555/ML-2580N/SCX-4600','PZA.',999.99,'NO',1,'0000-00-00 00:00:00','0000-00-00 00:00:00'),(732,21401,'21400019','(C870000028-563)','TONER NEGRO 44315304 P/IMPRESORA OKI MOD. C610N','PZA.',999.99,'NO',1,'0000-00-00 00:00:00','0000-00-00 00:00:00'),(733,21401,'21400019','(C870000028-506)','TONER NEGRO C8550-A  P/ IMPRESORA COLOR H P MOD. 9500','PZA.',999.99,'NO',1,'0000-00-00 00:00:00','0000-00-00 00:00:00'),(734,21401,'21400019','(C870000028-502)','TONER NEGRO C9730-A  P/ IMPRESORA H P MOD.  5500/5550','PZA.',999.99,'NO',1,'0000-00-00 00:00:00','0000-00-00 00:00:00'),(735,21401,'21400019','(C870000028-498)','TONER NEGRO Q2670A P/IMPRESORA H P COLOR LASERJET 3700DN Y MOD.  3500','PZA.',999.99,'NO',1,'0000-00-00 00:00:00','0000-00-00 00:00:00'),(736,21401,'21400019','(C870000028-118)','TONER P/IMP. HP LASER JET A COLOR 2605DN NUM. Q6000A NEGRO','PZA.',999.99,'NO',1,'0000-00-00 00:00:00','0000-00-00 00:00:00'),(737,21401,'21400019','(C870000028-115)','TONER P/IMP. HP LASER JET A COLOR 2605DN NUM. Q6001A CYAN','PZA.',999.99,'NO',1,'0000-00-00 00:00:00','0000-00-00 00:00:00'),(738,21401,'21400019','(C870000028-192)','TONER P/IMP. SAMSUNG ML-2165 MLT-D101S','PZA.',999.99,'NO',1,'0000-00-00 00:00:00','0000-00-00 00:00:00'),(739,21401,'21400019','(C870000028-432)','TONER P/IMPRESORA CANON S35 CARTRIDGE','PZA.',999.99,'NO',1,'0000-00-00 00:00:00','0000-00-00 00:00:00'),(740,21401,'21400019','(C870000028-148)','TONER P/IMPRESORA HP LASER JET CP2020 AMARILLO CC532A CNG5BOO871','PZA.',999.99,'NO',1,'0000-00-00 00:00:00','0000-00-00 00:00:00'),(741,21401,'21400019','(C870000028-146)','TONER P/IMPRESORA HP LASER JET CP2020 AZUL CC531A CNG5BOO871','PZA.',999.99,'NO',1,'0000-00-00 00:00:00','0000-00-00 00:00:00'),(742,21401,'21400019','(C870000028-149)','TONER P/IMPRESORA HP LASER JET CP2020 MAGENTA CC533A CNG5BOO871','PZA.',999.99,'NO',1,'0000-00-00 00:00:00','0000-00-00 00:00:00'),(743,21401,'21400019','(C870000028-147)','TONER P/IMPRESORA HP LASER JET CP2020 NEGRO CC530A CNG5BOO871','PZA.',999.99,'NO',1,'0000-00-00 00:00:00','0000-00-00 00:00:00'),(744,21401,'21400019','(C870000028-032)','TONER P/IMPRESORA HP LASERJET C9720A 4650DN AMARILLO','PZA.',999.99,'NO',1,'0000-00-00 00:00:00','0000-00-00 00:00:00'),(745,21401,'21400019','(C870000028-014)','TONER P/IMPRESORA HP LASERJET C9721A 4650DN','PZA.',999.99,'NO',1,'0000-00-00 00:00:00','0000-00-00 00:00:00'),(746,21401,'21400019','(C870000028-012)','TONER P/IMPRESORA HP LASERJET C9722A 4650DN','PZA.',999.99,'NO',1,'0000-00-00 00:00:00','0000-00-00 00:00:00'),(747,21401,'21400019','(C870000028-016)','TONER P/IMPRESORA HP LASERJET C9723A 4650DN','PZA.',999.99,'NO',1,'0000-00-00 00:00:00','0000-00-00 00:00:00'),(748,21401,'21400019','(C870000028-136)','TONER PARA IMPRESORA HP COLOR LASER JET CP 1518 NI (No. DE PARTE CB 540A NEGRO)','PZA.',999.99,'NO',1,'0000-00-00 00:00:00','0000-00-00 00:00:00'),(749,21401,'21400019','(C870000028-134)','TONER PARA IMPRESORA HP COLOR LASER JET CP 1518 NI (No. DE PARTE CB 541A CYAN)','PZA.',999.99,'NO',1,'0000-00-00 00:00:00','0000-00-00 00:00:00'),(750,21401,'21400019','(C870000028-133)','TONER PARA IMPRESORA HP COLOR LASER JET CP 1518 NI (No. DE PARTE CB 542A AMARILLO)','PZA.',999.99,'NO',1,'0000-00-00 00:00:00','0000-00-00 00:00:00'),(751,21401,'21400019','(C870000028-135)','TONER PARA IMPRESORA HP COLOR LASER JET CP 1518 NI (No. DE PARTE CB 543A MAGENTA)','PZA.',999.99,'NO',1,'0000-00-00 00:00:00','0000-00-00 00:00:00'),(752,21401,'21400019','(C870000028-021)','TONER PARA IMPRESORA HP LASER JET 4100 N No. PARTE C8061X ALTO RENDIMIENTO','PZA.',999.99,'NO',1,'0000-00-00 00:00:00','0000-00-00 00:00:00'),(753,21401,'21400019','(C870000028-116)','TONER PARA IMPRESORA HP LASER JET A COLOR 2605DN No. Q6003A MAGENTA','PZA.',999.99,'NO',1,'0000-00-00 00:00:00','0000-00-00 00:00:00'),(754,21401,'21400019','(C870000028-140)','TONER PARA IMPRESORA HP LASER JET P1102W (No. DE PARTE CE285A)','PZA.',999.99,'NO',1,'0000-00-00 00:00:00','0000-00-00 00:00:00'),(755,21401,'21400019','(C870000028-151)','TONER PARA IMPRESORA HP LASER JET P1606DN (No. DE PARTE CE278A)','PZA.',999.99,'NO',1,'0000-00-00 00:00:00','0000-00-00 00:00:00'),(756,21401,'21400019','(C870000028-394)','TONER PARA IMPRESORA LASER EPSON EPL 1600 No. DE PARTE S051056','PZA.',859.00,'NO',1,'0000-00-00 00:00:00','0000-00-00 00:00:00'),(757,21401,'21400019','(C870000028-395)','TONER PARA IMPRESORA LASER EPSON EPL N-700 No. DE PARTE S050010','PZA.',999.99,'NO',1,'0000-00-00 00:00:00','0000-00-00 00:00:00'),(758,21401,'21400019','(C870000028-020)','TONER PARA IMPRESORA LASER JET 4200L No. PARTE Q1338A','PZA.',999.99,'NO',1,'0000-00-00 00:00:00','0000-00-00 00:00:00'),(759,21401,'21400019','(C870000028-141)','TONER PARA IMPRESORA LASERJET HP 1505 CB436A NEGRO','PZA.',999.99,'NO',1,'0000-00-00 00:00:00','0000-00-00 00:00:00'),(760,21401,'21400019','(C870000028-316)','TONER PARA IMPRESORA LEXMARK No. PARTE E250 No. DE PARTE E250A11L','PZA.',999.99,'NO',1,'0000-00-00 00:00:00','0000-00-00 00:00:00'),(761,21401,'21400019','(C870000028-289)','TONER PARA IMPRESORA LEXMARK OPTRA S-2455 No. PARTE 1382925','PZA.',999.99,'NO',1,'0000-00-00 00:00:00','0000-00-00 00:00:00'),(762,21401,'21400019','(C870000028-194)','TONER PARA IMPRESORA SAMSUNG ML 2571   2510 ML-2010D3  SUST. D119S','PZA.',999.99,'NO',1,'0000-00-00 00:00:00','0000-00-00 00:00:00'),(763,21401,'21400019','(C870000028-174)','TONER PARA IMPRESORA SAMSUNG ML-1640 MLT-D108S','PZA.',999.99,'NO',1,'0000-00-00 00:00:00','0000-00-00 00:00:00'),(764,21401,'21400019','(C870000028-970)','TONER PARA IMPRESORA SAMSUNG ML-1660 No. DE PARTE MLT-D104S  SCX3200','PZA.',999.99,'NO',1,'0000-00-00 00:00:00','0000-00-00 00:00:00'),(765,21401,'21400019','(C870000028-197)','TONER PARA IMPRESORA XEROX PHASER 3450 D5  num. 106R00687','PZA.',999.99,'NO',1,'0000-00-00 00:00:00','0000-00-00 00:00:00'),(766,21401,'21400019','(C870000028-492)','TONER Q1339A  P/ IMPRESORA  LASERJET H.P.SERIES /4300','PZA.',999.99,'NO',1,'0000-00-00 00:00:00','0000-00-00 00:00:00'),(767,21401,'21400019','(C870000028-489)','TONER Q2624A  P/ IMPRESORA  LASERJET H.P. MOD. 1150','PZA.',999.99,'NO',1,'0000-00-00 00:00:00','0000-00-00 00:00:00'),(768,21401,'21400019','(C870000028-514)','TONER Q2681A PARA IMPRESORA  HP COLOR LASERJET 3700DN','PZA.',999.99,'NO',1,'0000-00-00 00:00:00','0000-00-00 00:00:00'),(769,21401,'21400019','(C870000028-515)','TONER Q2682A PARA IMPRESORA  HP COLOR LASERJET 3700DN','PZA.',999.99,'NO',1,'0000-00-00 00:00:00','0000-00-00 00:00:00'),(770,21401,'21400019','(C870000028-516)','TONER Q2683A PARA IMPRESORA  HP COLOR LASERJET 3700DN','PZA.',999.99,'NO',1,'0000-00-00 00:00:00','0000-00-00 00:00:00'),(771,21401,'21400019','(C870000028-449)','TONER Q3960A NEGRO P/ IMPRESORA HP LASERJET MOD. 2550','PZA.',999.99,'NO',1,'0000-00-00 00:00:00','0000-00-00 00:00:00'),(772,21401,'21400019','(C870000028-450)','TONER Q3961A CIAN P/ IMPRESORA HP LASERJET MOD. 2550','PZA.',999.99,'NO',1,'0000-00-00 00:00:00','0000-00-00 00:00:00'),(773,21401,'21400019','(C870000028-451)','TONER Q3962A AMARILLO P/ IMPRESORA HP LASERJET MOD. 2550','PZA.',999.99,'NO',1,'0000-00-00 00:00:00','0000-00-00 00:00:00'),(774,21401,'21400019','(C870000028-452)','TONER Q3963A MAGENTA P/ IMPRESORA HP LASERJET MOD. 2550','PZA.',999.99,'NO',1,'0000-00-00 00:00:00','0000-00-00 00:00:00'),(775,21401,'21400019','(C870000028-010)','TONER Q5942-A  P/ IMPRESORA  LASERJET H.P. MOD. 4250/4350','PZA.',999.99,'NO',1,'0000-00-00 00:00:00','0000-00-00 00:00:00'),(776,21401,'21400019','(C870000028-764)','TONER Q5945-A P/IMPRESORA LASERJET H.P. SERIES 4345MFP','PZA.',999.99,'NO',1,'0000-00-00 00:00:00','0000-00-00 00:00:00'),(777,21401,'21400019','(C870000028-125)','TONER Q5949A P/ IMPRESORA  LASERJET H.P. MOD. 1160/1320','PZA.',999.99,'NO',1,'0000-00-00 00:00:00','0000-00-00 00:00:00'),(778,21401,'21400019','(C870000028-490)','TONER Q5949X ALTA CAPACIDAD P/ IMPRESORA  LASERJET H.P. MOD. 1160','PZA.',999.99,'NO',1,'0000-00-00 00:00:00','0000-00-00 00:00:00'),(779,21401,'21400019','(C870000028-017)','TONER Q5950A PARA IMPRESORA NEGRO HP LASERJET 4700DN','PZA.',999.99,'NO',1,'0000-00-00 00:00:00','0000-00-00 00:00:00'),(780,21401,'21400019','(C870000028-013)','TONER Q5951A PARA IMPRESORA CYAN HP LASERJET 4700DN','PZA.',999.99,'NO',1,'0000-00-00 00:00:00','0000-00-00 00:00:00'),(781,21401,'21400019','(C870000028-011)','TONER Q5952A PARA IMPRESORA YELLOW HP LASERJET 4700DN','PZA.',999.99,'NO',1,'0000-00-00 00:00:00','0000-00-00 00:00:00'),(782,21401,'21400019','(C870000028-015)','TONER Q5953A PARA IMPRESORA MAGENTA HP LASERJET 4700DN','PZA.',999.99,'NO',1,'0000-00-00 00:00:00','0000-00-00 00:00:00'),(783,21401,'21400019','(0000000000-000)','TONER Q6470-A NEGRO P/IMPRESORA H.P. MOD. 3600/3800','PZA.',999.99,'NO',1,'0000-00-00 00:00:00','0000-00-00 00:00:00'),(784,21401,'21400019','(0000000000-000)','TONER Q6471-A CYAN P/IMPRESORA H.P. MOD. 3600/3800','PZA.',999.99,'NO',1,'0000-00-00 00:00:00','0000-00-00 00:00:00'),(785,21401,'21400019','(0000000000-000)','TONER Q6472-A YELLOW P/IMPRESORA H.P. MOD. 3600/3800','PZA.',999.99,'NO',1,'0000-00-00 00:00:00','0000-00-00 00:00:00'),(786,21401,'21400019','(0000000000-000)','TONER Q6473-A MAGENTA P/IMPRESORA H.P. MOD. 3600/3800','PZA.',999.99,'NO',1,'0000-00-00 00:00:00','0000-00-00 00:00:00'),(787,21401,'21400019','(C870000028-497)','TONER Q7516A P/IMPRESORA HP LASERJET 5200TN','PZA.',999.99,'NO',1,'0000-00-00 00:00:00','0000-00-00 00:00:00'),(788,21401,'21900019','(C870000028-150)','TONER Q7551 A P/IMPRESORA H.P.LASERJET MOD. S/3005/3035/3005','PZA.',999.99,'NO',1,'0000-00-00 00:00:00','0000-00-00 00:00:00'),(789,21401,'21900019','(C870000028-496)','TONER Q7551 X ALTA CAPACIDAD P/IMPRESORA H.P.LASERJET MOD. S/3005/3035/305','PZA.',999.99,'NO',1,'0000-00-00 00:00:00','0000-00-00 00:00:00'),(790,21401,'21400019','(C870000028-618)','TONER S051035 P/ IMPRESORA LASER EPSON MOD.  EPL-N2000','PZA.',987.00,'NO',1,'0000-00-00 00:00:00','0000-00-00 00:00:00'),(791,21401,'21400020','(C870000030-067)','TONER SAMSUNG MLT-D-111S P/IMPRESORA M2020/2022/2070','PZA.',843.00,'NO',1,'0000-00-00 00:00:00','0000-00-00 00:00:00'),(792,21401,'21400020','(C870000030-153)','TONER SAMSUNG MLT-D-116S','PZA.',650.00,'NO',1,'0000-00-00 00:00:00','0000-00-00 00:00:00'),(793,21401,'21900019','(C870000028-589)','TONER SAMSUNG NEGRO ALTO RENDIMIENTO  ML-D3470B','PZA.',805.00,'NO',1,'0000-00-00 00:00:00','0000-00-00 00:00:00'),(794,21401,'21900020','(C870000030-098)','TONER SAMSUNG NEGRO ALTO RENDIMIENTO  MLT-D203S','PZA.',999.99,'NO',1,'0000-00-00 00:00:00','0000-00-00 00:00:00'),(795,21401,'NO','(0000000000-000)','TONER SAMSUNG NEGRO ALTO RENDIMIENTO  MLT-D203U','PZA.',999.99,'NO',1,'0000-00-00 00:00:00','0000-00-00 00:00:00'),(796,21401,'21400019','(C870000028-560)','TONER TIPO C-6  42127402 MAGENTA ALTA CAPACIDAD P/ IMPRESORA OKI MOD.C5200 COLOR','PZA.',999.99,'NO',1,'0000-00-00 00:00:00','0000-00-00 00:00:00'),(797,21401,'21400019','(C870000028-561)','TONER TIPO C-6 42127403 CIAN ALTA CAPACIDAD P/ IMPRESORA OKI MOD.C5200 COLOR','PZA.',999.99,'NO',1,'0000-00-00 00:00:00','0000-00-00 00:00:00'),(798,21401,'21400019','(C870000028-577)','TONER TN-330 P/IMPRESORA BROTHER MOD. HL-2170W','PZA.',895.00,'NO',1,'0000-00-00 00:00:00','0000-00-00 00:00:00'),(799,21401,'21400019','(C870000028-576)','TONER TN-350 P/IMPRESORA BROTHER MOD. HL-2040 y HL-2070N','PZA.',999.99,'NO',1,'0000-00-00 00:00:00','0000-00-00 00:00:00'),(800,21401,'21400019','(C870000028-574)','TONER TN-410 P/ IMPRESORA BROTHER MULTIFUNCIONAL MOD. DCP-7055','PZA.',645.00,'NO',1,'0000-00-00 00:00:00','0000-00-00 00:00:00'),(801,21401,'21400019','(C870000028-575)','TONER TN-430 P/ IMPRESORA BROTHER MOD. DCP-1200','PZA.',999.99,'NO',1,'0000-00-00 00:00:00','0000-00-00 00:00:00'),(802,21401,'21400019','(C870000028-164)','TONER YELLOW 44315301 P/IMPRESORA OKI MOD. C610N','PZA.',999.99,'NO',1,'0000-00-00 00:00:00','0000-00-00 00:00:00'),(803,21401,'21400019','(C870000028-500)','TONER YELLOW Q2672A P/IMPRESORA H P MOD. 3500','PZA.',999.99,'NO',1,'0000-00-00 00:00:00','0000-00-00 00:00:00'),(804,21601,'21600039','C420000104-002','TRAPEADOR MECHUDO PABILO DE 1000 GRS.','PIEZA',46.20,'NO',1,'0000-00-00 00:00:00','0000-00-00 00:00:00'),(805,21601,'21600054','C420000140-005','TRAPEADOR MOPS DE 90 X 20  (PABILO ) BASE Y FUNDA.','PIEZA',88.00,'NO',1,'0000-00-00 00:00:00','0000-00-00 00:00:00'),(806,29401,'NO','(0000000000-000)','UNIDAD DE DVD REWRITER INTERNO DOBLE CAPA P/ PC SATA','PZA.',367.00,'NO',1,'0000-00-00 00:00:00','0000-00-00 00:00:00'),(807,21101,'NO REGIS.','0000000000-000','VASOS DESECHABLES 08 OZ. DE PLASTICO COLOR BLANCO No. 08  C/50 BIODEGRADABLES','PAQUETE',12.50,'NO',1,'0000-00-00 00:00:00','0000-00-00 00:00:00'),(808,21101,'NO REGIS.','0000000000-000','VASOS DESECHABLES 10 OZ. DE PLASTICO COLOR BLANCO No. 10 C/50 BIODEGRADABLES','PAQUETE',14.50,'NO',1,'0000-00-00 00:00:00','0000-00-00 00:00:00'),(809,21101,'NO REGIS.','0000000000-000','VASOS TERMICO DE UNISEL DE 08 OZ. No. 08 C/25 BIODEGRADABLES','PAQUETE',7.50,'NO',1,'0000-00-00 00:00:00','0000-00-00 00:00:00');
/*!40000 ALTER TABLE `productos` ENABLE KEYS */;
UNLOCK TABLES;

--
-- Table structure for table `residencias`
--

DROP TABLE IF EXISTS `residencias`;
/*!40101 SET @saved_cs_client     = @@character_set_client */;
/*!40101 SET character_set_client = utf8 */;
CREATE TABLE `residencias` (
  `idresidencia` int(10) unsigned NOT NULL AUTO_INCREMENT,
  `encargado` varchar(255) COLLATE utf8mb4_unicode_ci NOT NULL,
  `puesto` enum('Delegado_obra') COLLATE utf8mb4_unicode_ci NOT NULL DEFAULT 'Delegado_obra',
  `ubicacion` enum('Bochil','Sn_Cristobal','Nvo_Orizaba','La_Trinitaria','Tapachula','Arriaga','Tuxtla','Residencia_General','Otros') COLLATE utf8mb4_unicode_ci NOT NULL,
  `created_at` timestamp NULL DEFAULT NULL,
  `updated_at` timestamp NULL DEFAULT NULL,
  PRIMARY KEY (`idresidencia`)
) ENGINE=InnoDB AUTO_INCREMENT=9 DEFAULT CHARSET=utf8mb4 COLLATE=utf8mb4_unicode_ci;
/*!40101 SET character_set_client = @saved_cs_client */;

--
-- Dumping data for table `residencias`
--

LOCK TABLES `residencias` WRITE;
/*!40000 ALTER TABLE `residencias` DISABLE KEYS */;
INSERT INTO `residencias` VALUES (1,'Ing. Francisco Rafael Perez Chang','Delegado_obra','Bochil','2018-01-12 10:18:22','2018-04-11 20:00:44'),(2,'Ing. Atalo cruz Perez','Delegado_obra','La_Trinitaria',NULL,'2018-04-11 20:01:26'),(3,'Adriana Solis Rueda','Delegado_obra','Arriaga',NULL,'2018-02-08 17:15:29'),(4,'Luis Mendez','Delegado_obra','Sn_Cristobal','2018-02-08 17:29:19','2018-02-08 17:29:19'),(5,'Adrian Lopez','Delegado_obra','Tapachula','2018-03-12 18:20:57','2018-03-12 18:20:57'),(6,'Gustavo Lievano','Delegado_obra','Tuxtla','2018-03-23 06:31:53','2018-03-23 06:31:53'),(8,'Jose Prueba','Delegado_obra','Residencia_General','2018-04-12 21:07:41','2018-04-12 21:07:41');
/*!40000 ALTER TABLE `residencias` ENABLE KEYS */;
UNLOCK TABLES;

--
-- Table structure for table `users`
--

DROP TABLE IF EXISTS `users`;
/*!40101 SET @saved_cs_client     = @@character_set_client */;
/*!40101 SET character_set_client = utf8 */;
CREATE TABLE `users` (
  `iduser` int(10) unsigned NOT NULL AUTO_INCREMENT,
  `name` varchar(255) COLLATE utf8mb4_unicode_ci NOT NULL,
  `email` varchar(255) COLLATE utf8mb4_unicode_ci NOT NULL,
  `password` varchar(255) COLLATE utf8mb4_unicode_ci NOT NULL,
  `puesto` enum('Administrador','Delegado_administrativo','Delegado_obra','Auxiliar_administrativo') COLLATE utf8mb4_unicode_ci NOT NULL DEFAULT 'Delegado_obra',
  `idresidencia` int(10) unsigned NOT NULL,
  `created_at` timestamp NULL DEFAULT NULL,
  `updated_at` timestamp NULL DEFAULT NULL,
  `remember_token` varchar(100) COLLATE utf8mb4_unicode_ci DEFAULT NULL,
  PRIMARY KEY (`iduser`),
  KEY `users_idresidencia_foreign` (`idresidencia`),
  CONSTRAINT `users_idresidencia_foreign` FOREIGN KEY (`idresidencia`) REFERENCES `residencias` (`idresidencia`)
) ENGINE=InnoDB AUTO_INCREMENT=29 DEFAULT CHARSET=utf8mb4 COLLATE=utf8mb4_unicode_ci;
/*!40101 SET character_set_client = @saved_cs_client */;

--
-- Dumping data for table `users`
--

LOCK TABLES `users` WRITE;
/*!40000 ALTER TABLE `users` DISABLE KEYS */;
INSERT INTO `users` VALUES (5,'Javier Guillen solis','javier@mail.com','$2y$10$5unpYZwsyglpRzuTiOFG5uEABrg42jeTmDa8VBKDse5TdjfAjhZ5O','Delegado_administrativo',1,NULL,'2018-04-11 21:07:40','WJKHoesSCFJpe086IXRjn66sDyL9U1rYEE3AOMpOdSKn9A3k2apied7Q3mul'),(9,'Marco Antonio Jimenez Nuñez','trinitaria@mail.com','$2y$10$6BlV/Z0dqjfrUjj7ADLgKOGpxUVc2qc0CKoZbU/ProYZAgB6i2BI.','Delegado_administrativo',2,'2018-01-28 02:02:32','2018-04-11 21:08:52','3uXggOmGq4d64psFAvCjlUNRYGj7QsXLndC4oK0lpZdiHbQZ6Za6oxIQfSVh'),(10,'Angela Toledo Figueroa','arriaga@mail.com','$2y$10$6OS/P.Cl1.wUP2xEH212fetg7NSlIuXaJMlZzOGz3bf/OkGHPw8be','Delegado_administrativo',3,'2018-02-08 06:06:25','2018-04-11 21:09:30','MmFbEL78ZYg5tKM55cybGhtCP40visvPj4mgmBeYmfZWloiYGB5VbP6si5bv'),(21,'Maria Guadalupe Zambrano Martinez','tuxtla@mail.com','$2y$10$to2PWKjROClm0ucAkxqg9.iGfjbbiRxxAGsm6dOLvCYqJX6FZXCma','Delegado_administrativo',6,'2018-03-23 06:50:28','2018-04-11 21:11:27','OB1UPzXWz9jSTSuBUNaRvcn6AS4li8ggCxxTXWkUrLtr7vAHV9cNQdYzirTW'),(24,'Evelyn Ruiz Garcia','tapachula@mail.com','$2y$10$QirECE9PtiKc6WOjxGor9e9cEaMTmZx27L8P.f5b8L0LXXFEQHuy2','Delegado_administrativo',5,'2018-03-23 06:54:31','2018-04-11 21:12:48','KvlYpAiW9Vt7mCB9qtGCOolmVFDNXSMsUwViMZlXn2ZIWbQC4TfTgTWNtqp1'),(25,'José Sanchez Lopez','jose@mail.com','$2y$10$XQj3wVdj5DwUM.WQOSF8CeTX6mB72THRHeqrTcFUO41NnVrn2DM/O','Administrador',6,'2018-04-09 00:06:38','2018-04-09 00:06:38','lStVH74KIXQ5cj9HWQajLsmhTcGWJ5SmteXyZuE9i2H0c0Hcavx4dYpp2HmH'),(26,'Marco A. Ordaz Javier','ordaz@mail.com','$2y$10$tXvux1pZB2QsL8RCpD05tOR2MmuOejkCm3pQNce44XyHURlxSke0u','Administrador',6,'2018-04-12 18:26:58','2018-04-12 18:26:58','Lq4jwnRKnE4sLTQpfRmSvFvsFdy5sNbBs9h2R0YiiE3ivZH1wsDcchzMdM2a'),(27,'Juan Jose Oceguera','oceguera@gmail.com','$2y$10$dNw1Vms8v0safA91hak5Cu02gAaslbfKiXNyXgWLTfb9CPmXMwxDu','Delegado_administrativo',6,'2018-04-12 19:18:03','2018-04-12 19:18:03','OR4G6fJMjEt09OfWOQhi85lRuBjaw45Yu6cAOnRP0T7LI3eH1p8GmOek4008'),(28,'obra','obra@mail.com','$2y$10$3insf4kZLYoPMzCnvRD/b.cqQIWnzroHhKHOmppBjfXuuSvpbLBO6','Delegado_obra',4,'2018-04-17 18:28:11','2018-04-17 18:28:11','ZV7biWTRhUW1dtFRhYZFVgPZ7nOzXJSE4CXuG7c7bNVX22QoBpkOpHfADGPu');
/*!40000 ALTER TABLE `users` ENABLE KEYS */;
UNLOCK TABLES;
/*!40103 SET TIME_ZONE=@OLD_TIME_ZONE */;

/*!40101 SET SQL_MODE=@OLD_SQL_MODE */;
/*!40014 SET FOREIGN_KEY_CHECKS=@OLD_FOREIGN_KEY_CHECKS */;
/*!40014 SET UNIQUE_CHECKS=@OLD_UNIQUE_CHECKS */;
/*!40101 SET CHARACTER_SET_CLIENT=@OLD_CHARACTER_SET_CLIENT */;
/*!40101 SET CHARACTER_SET_RESULTS=@OLD_CHARACTER_SET_RESULTS */;
/*!40101 SET COLLATION_CONNECTION=@OLD_COLLATION_CONNECTION */;
/*!40111 SET SQL_NOTES=@OLD_SQL_NOTES */;

-- Dump completed on 2018-04-27  6:52:36
